SA2_CODE21,Median_age_persons,Median_mortgage_repay_monthly,Median_tot_prsnl_inc_weekly,Median_rent_weekly,Median_tot_fam_inc_weekly,Average_num_psns_per_bedroom,Median_tot_hhd_inc_weekly,Average_household_size,SA2_NAME21
101021007,51,1732,760,330,1886,0.8,1429,2.2,Braidwood
101021008,38,1950,975,350,2334,0.8,1989,2.6,Karabar
101021009,37,1700,996,330,2233,0.9,1703,2.1,Queanbeyan
101021010,36,1700,1104,310,2412,0.9,1796,2.1,Queanbeyan - East
101021012,37,2300,1357,430,3332,0.8,3014,2.9,Queanbeyan West - Jerrabomberra
101021610,31,2600,1629,531,3444,0.8,3363,3.1,Googong
101021611,42,2417,1243,465,3117,0.8,2926,2.9,Queanbeyan Surrounds
101031013,49,1083,704,200,1759,0.7,1253,2.2,Bombala
101031014,44,1300,771,290,1911,0.7,1377,2.2,Cooma
101031015,50,1627,794,290,2068,0.7,1596,2.4,Cooma Surrounds
101031016,38,1729,912,380,2275,0.8,1911,2.5,Jindabyne - Berridale
101041017,51,1519,596,330,1366,0.7,1120,2.2,Batemans Bay
101041018,54,1600,638,350,1453,0.7,1215,2.2,Batemans Bay - South
101041019,46,1517,704,320,1655,0.7,1276,2.3,Bega - Tathra
101041020,51,1300,603,265,1457,0.8,1220,2.4,Bega-Eden Hinterland
101041021,52,1733,738,360,1761,0.7,1378,2.3,Broulee - Tomakin
101041022,59,758,462,0,866,1.1,875,2.4,Deua - Wadbilliga
101041023,53,1517,573,270,1345,0.7,1013,2.2,Eden
101041024,53,1387,639,300,1502,0.8,1290,2.3,Eurobodalla Hinterland
101041025,54,1600,679,340,1614,0.7,1235,2.1,Merimbula - Tura Beach
101041026,56,1517,612,310,1451,0.7,1150,2.2,Moruya - Tuross Head
101041027,59,1500,579,290,1342,0.7,1017,2.1,Narooma - Bermagui
101051539,40,1636,749,320,1911,0.7,1418,2.3,Goulburn
101051540,48,1733,735,300,1922,0.7,1516,2.5,Goulburn Surrounds
101061541,42,1773,867,340,2185,0.8,1739,2.5,Yass
101061542,43,2275,1129,400,2916,0.8,2575,2.8,Yass Surrounds
101061543,42,1300,661,250,1526,0.7,1170,2.4,Young
101061544,49,1083,646,220,1572,0.7,1169,2.3,Young Surrounds
102011028,43,2438,915,520,2562,0.8,2276,2.8,Avoca Beach - Copacabana
102011029,49,2167,780,450,2187,0.7,1775,2.5,Box Head - MacMasters Beach
102011030,48,2167,780,350,2102,0.8,1777,2.6,Calga - Kulnura
102011031,50,2167,692,410,2087,0.7,1434,2.4,Erina - Green Point
102011032,39,1885,796,390,1995,0.8,1460,2.2,Gosford - Springfield
102011033,36,2080,850,450,2352,0.8,2200,3,Kariong
102011034,47,2100,691,400,1952,0.8,1343,2.4,Kincumber - Picketts Valley
102011035,39,1993,814,420,2185,0.8,1950,2.8,Narara
102011036,40,2000,798,425,2287,0.8,1987,2.8,Niagara Park - Lisarow
102011037,46,2000,765,400,2264,0.8,1717,2.5,Point Clare - Koolewong
102011038,45,2167,783,460,2144,0.8,1760,2.6,Saratoga - Davistown
102011039,43,2500,933,520,2506,0.7,2130,2.6,Terrigal - North Avoca
102011040,47,2080,678,400,1792,0.8,1329,2.2,Umina - Booker Bay - Patonga
102011041,42,2434,897,500,2520,0.8,2188,2.8,Wamberal - Forresters Beach
102011042,47,2000,642,380,1727,0.8,1261,2.2,Woy Woy - Blackwall
102011043,41,1950,697,400,1900,0.8,1430,2.5,Wyoming
102021044,41,2000,719,400,1947,0.8,1515,2.6,Bateau Bay - Killarney Vale
102021045,34,1733,691,400,1647,0.8,1497,2.8,Blue Haven - San Remo
102021046,45,1733,639,360,1569,0.8,1232,2.3,Budgewoi - Buff Point - Halekulani
102021047,40,2000,787,425,2084,0.8,1803,2.7,Chittaway Bay - Tumbi Umbi
102021048,42,1700,625,360,1536,0.8,1239,2.4,Gorokan - Kanwal - Charmhaven
102021049,44,2600,861,440,2576,0.8,2575,3.1,Jilliby - Yarramalong
102021050,52,1733,594,380,1449,0.7,1079,2.2,Lake Munmorah - Mannering Park
102021051,40,2000,835,400,2263,0.8,2011,2.8,Ourimbah - Fountaindale
102021052,45,1753,669,395,1701,0.7,1413,2.5,Summerland Point - Gwandalan
102021053,48,1950,662,365,1626,0.8,1176,2.1,The Entrance
102021054,47,1950,639,350,1609,0.8,1157,2.2,Toukley - Norah Head
102021055,38,1866,784,425,2069,0.8,1795,2.7,Tuggerah - Kangy Angy
102021056,35,2167,790,495,2168,0.8,2022,3,Warnervale - Wadalba
102021057,40,1690,624,360,1538,0.8,1214,2.4,Wyong
103011059,36,1800,799,360,2073,0.7,1788,2.7,Bathurst - East
103011060,47,1863,824,273,2211,0.8,1835,2.6,Bathurst Surrounds
103011061,48,1517,735,280,1751,0.7,1381,2.3,Oberon
103011612,39,1430,704,295,1648,0.7,1198,2,Bathurst - South
103011613,37,1733,875,350,2141,0.7,1788,2.6,Bathurst - West
103021062,41,867,645,180,1574,0.7,1208,2.4,Condobolin
103021063,45,1213,607,230,1427,0.7,1078,2.3,Cowra
103021064,50,1164,601,210,1490,0.7,1157,2.3,Cowra Surrounds
103021065,43,1257,714,230,1688,0.7,1257,2.3,Forbes
103021066,52,953,575,198,1394,0.7,1043,2.2,Grenfell
103021067,39,1300,728,260,1854,0.7,1389,2.4,Parkes (NSW)
103021068,45,1083,623,180,1556,0.7,1205,2.4,Parkes Surrounds
103021069,43,1083,730,200,1810,0.7,1324,2.3,West Wyalong
103031070,46,1462,610,270,1510,0.7,1088,2.2,Lithgow
103031071,47,1517,671,270,1862,0.8,1393,2.4,Lithgow Surrounds
103031072,37,1733,786,363,2164,0.7,1742,2.5,Mudgee
103031073,53,1083,494,230,1324,0.7,890,2.1,Mudgee Surrounds - East
103031074,45,1651,664,280,1841,0.8,1414,2.5,Mudgee Surrounds - West
103031075,0,0,0,0,0,0,0,0,Wollangambe - Wollemi
103041076,43,1517,765,270,1977,0.8,1548,2.5,Blayney
103041077,40,1510,742,300,1838,0.7,1342,2.2,Orange
103041078,34,1777,930,375,2322,0.8,2002,2.7,Orange - North
103041079,43,1773,855,260,2185,0.8,1799,2.6,Orange Surrounds
104011080,43,1300,607,300,1413,0.7,1125,2.3,Grafton
104011081,49,1365,552,300,1430,0.8,1193,2.5,Grafton Surrounds
104011082,55,1517,571,360,1359,0.7,1079,2.2,Maclean - Yamba - Iluka
104021083,46,1517,647,370,1614,0.8,1317,2.5,Bellingen
104021084,42,1733,655,355,1556,0.8,1257,2.3,Coffs Harbour - North
104021085,45,1733,648,360,1568,0.8,1219,2.3,Coffs Harbour - South
104021086,44,1733,723,365,1887,0.8,1676,2.7,Coramba - Nana Glen - Bucca
104021087,54,1200,532,280,1275,0.8,939,2.1,Dorrigo
104021088,43,2000,848,458,2066,0.8,1883,2.7,Korora - Emerald Beach
104021089,45,1700,683,370,1690,0.8,1352,2.4,Sawtell - Boambee
104021090,53,1680,603,350,1447,0.8,1178,2.3,Urunga
104021091,43,1733,674,380,1602,0.8,1346,2.5,Woolgoolga - Arrawarra
105011092,36,867,770,160,1685,0.8,1358,2.4,Bourke - Brewarrina
105011093,37,1098,880,190,2232,0.7,1702,2.3,Cobar
105011094,38,867,675,190,1580,0.8,1261,2.4,Coonamble
105011095,44,1083,750,200,1816,0.7,1347,2.4,Nyngan - Warren
105011096,44,852,547,179,1353,0.8,991,2.2,Walgett - Lightning Ridge
105021097,44,867,647,220,1623,0.7,1173,2.2,Broken Hill
105021098,43,932,583,150,1288,0.8,1103,2.4,Far West
105031099,50,871,557,200,1382,0.7,1079,2.3,Coonabarabran
105031100,35,1517,850,295,1987,0.8,1679,2.6,Dubbo - East
105031101,35,1567,896,320,2077,0.8,1662,2.4,Dubbo - South
105031102,34,1517,850,320,1949,0.8,1626,2.6,Dubbo - West
105031103,42,1733,863,265,2154,0.8,1952,2.8,Dubbo Surrounds
105031104,46,1083,633,200,1385,0.7,1151,2.3,Gilgandra
105031105,41,1200,722,240,1732,0.7,1319,2.5,Narromine
105031106,41,1100,617,230,1444,0.7,1153,2.4,Wellington
106011107,36,1950,897,400,2360,0.8,2128,2.8,Branxton - Greta - Pokolbin
106011108,39,1517,611,320,1533,0.8,1258,2.5,Cessnock
106011109,42,1829,728,360,2039,0.8,1814,2.8,Cessnock Surrounds
106011110,46,1820,710,300,1856,0.8,1485,2.5,Dungog
106011111,35,1603,699,345,1762,0.8,1464,2.6,Kurri Kurri - Abermain
106011112,34,1760,823,330,2279,0.8,1935,2.6,Singleton
106011113,42,2167,778,360,2248,0.8,2034,2.8,Singleton Surrounds
106021114,34,1872,829,390,2087,0.8,1756,2.6,Maitland
106021116,38,2167,921,420,2552,0.8,2285,2.9,Maitland - North
106021614,39,1733,763,350,1990,0.8,1590,2.5,East Maitland - Metford
106021615,35,1869,788,400,2079,0.8,1835,2.8,Rutherford (North) - Aberglasslyn
106021616,34,1647,724,330,1786,0.8,1470,2.5,Rutherford (South) - Telarah
106021617,41,1733,742,360,1904,0.7,1426,2.4,Tenambit - East Maitland
106021618,33,2015,941,420,2350,0.8,2209,2.9,Thornton - Millers Forest
106031119,52,1842,627,400,1569,0.7,1283,2.4,Anna Bay
106031120,50,1517,562,365,1365,0.7,1111,2.3,Lemon Tree Passage - Tanilba Bay
106031121,55,1861,648,390,1600,0.7,1267,2.2,Nelson Bay Peninsula
106031122,38,1517,650,320,1521,0.8,1272,2.5,Raymond Terrace
106031123,42,2167,876,380,2468,0.8,2327,3,Seaham - Woodville
106031124,65,1600,552,350,1255,0.6,1036,2,Tea Gardens - Hawks Nest
106031125,40,1900,752,400,2019,0.8,1763,2.8,Williamtown - Medowie - Karuah
106041126,35,1517,759,310,1953,0.7,1603,2.5,Muswellbrook
106041127,42,1733,800,280,2210,0.7,1741,2.5,Muswellbrook Surrounds
106041128,39,1625,805,290,2061,0.7,1526,2.4,Scone
106041129,44,1500,706,250,1794,0.7,1362,2.4,Scone Surrounds
107011131,41,1950,670,390,1782,0.8,1445,2.5,Dapto - Avondale
107011132,34,2186,893,500,2404,0.8,2286,3,Horsley - Kembla Grange
107011133,58,0,537,0,0,0,0,0,Port Kembla Industrial
107011134,41,2080,763,355,2274,0.8,1920,2.7,Unanderra - Mount Kembla
107011545,39,1764,560,350,1522,0.8,1251,2.6,Berkeley - Lake Heights - Cringila
107011546,42,1820,551,300,1466,0.8,1108,2.4,Port Kembla - Warrawong
107011547,51,1929,609,345,1693,0.8,1036,2.2,Windang - Primbee
107021135,38,1595,1749,270,3249,0.6,3249,2.5,Illawarra Catchment Reserve
107031136,34,2167,869,480,2240,0.8,2088,2.9,Albion Park - Macquarie Pass
107031137,41,1820,636,390,1645,0.8,1411,2.5,Albion Park Rail
107031138,51,2167,794,480,2030,0.7,1589,2.3,Kiama
107031139,44,2300,867,490,2346,0.8,2053,2.7,Kiama Downs - Minnamurra
107031140,48,2167,836,500,2304,0.8,1985,2.6,Kiama Hinterland - Gerringong
107031141,39,2200,841,510,2380,0.8,2127,2.8,Shellharbour - Flinders
107031142,43,1950,692,425,1846,0.8,1478,2.5,Shellharbour - Oak Flats
107031143,43,1820,587,350,1484,0.8,1191,2.4,Warilla
107041144,40,2219,728,380,2190,0.8,1635,2.5,Balgownie - Fairy Meadow
107041145,41,2167,737,330,2002,0.8,1431,2.3,Corrimal - Tarrawanna - Bellambi
107041146,36,2250,746,410,2387,0.8,1938,2.7,Figtree - Keiraville
107041147,39,2512,1005,530,2777,0.9,2542,2.9,Helensburgh
107041148,43,2600,1014,550,2839,0.8,2423,2.7,Thirroul - Austinmer - Coalcliff
107041150,41,2349,843,390,2496,0.8,1968,2.6,Woonona - Bulli - Russell Vale
107041548,36,1987,892,410,2098,0.9,1578,1.9,Wollongong - East
107041549,34,2000,755,380,2082,0.9,1595,2.4,Wollongong - West
108011151,51,1538,577,300,1449,0.8,1189,2.4,Bulahdelah - Stroud
108011152,57,1712,582,340,1353,0.7,1015,2.1,Forster
108011153,53,1500,572,350,1368,0.7,1142,2.3,Forster-Tuncurry Surrounds
108011154,62,1322,499,310,1137,0.7,854,1.9,Tuncurry
108021155,42,1300,542,285,1340,0.8,1081,2.5,Kempsey
108021156,51,1307,570,300,1413,0.8,1160,2.4,Kempsey Surrounds
108021157,50,1382,525,330,1310,0.7,998,2.3,Macksville - Scotts Head
108021158,56,1300,501,285,1244,0.7,850,2,Nambucca Heads
108021159,50,1400,554,300,1358,0.8,1111,2.4,Nambucca Heads Surrounds
108021160,58,1517,537,330,1254,0.7,997,2.1,South West Rocks
108031161,46,1400,961,310,1942,0.9,1699,2.2,Lord Howe Island
108041162,58,1733,573,354,1368,0.7,1089,2.2,Laurieton - Bonny Hills
108041164,47,1820,644,385,1532,0.7,1193,2.2,Port Macquarie - West
108041165,50,1668,632,300,1534,0.8,1334,2.5,Port Macquarie Surrounds
108041166,43,1733,653,360,1590,0.8,1355,2.6,Wauchope
108041619,46,1753,761,350,1929,0.8,1396,2.2,Port Macquarie - East
108041620,49,1814,691,420,1774,0.7,1385,2.4,Port Macquarie - South
108051167,55,1300,564,275,1362,0.7,1069,2.2,Gloucester
108051168,53,1733,634,360,1473,0.7,1243,2.3,Old Bar - Manning Point - Red Head
108051169,46,1300,559,290,1327,0.7,1021,2.3,Taree
108051170,56,1500,524,310,1291,0.7,1069,2.3,Taree Surrounds
108051171,47,1371,577,306,1377,0.7,1105,2.3,Wingham
109011172,36,1625,894,320,2171,0.7,1792,2.6,Albury - East
109011173,39,1300,724,268,1728,0.7,1330,2.3,Albury - North
109011174,45,1517,857,250,2115,0.7,1439,2.1,Albury - South
109011175,44,1387,755,222,1949,0.8,1518,2.6,Albury Surrounds
109011176,40,1300,647,250,1522,0.8,1138,2.2,Lavington
109021177,48,894,701,175,1625,0.7,1236,2.2,Hay
109021178,43,1300,708,200,1761,0.8,1386,2.5,Wentworth - Buronga
109021179,43,1083,746,200,1799,0.8,1404,2.5,Wentworth-Balranald Region
109031180,52,1213,634,230,1551,0.7,1130,2.1,Corowa
109031181,50,1300,662,265,1640,0.7,1248,2.3,Corowa Surrounds
109031182,47,1083,688,230,1680,0.7,1199,2.2,Deniliquin
109031183,49,1083,638,170,1491,0.7,1208,2.4,Deniliquin Surrounds
109031184,49,1638,687,322,1756,0.7,1348,2.4,Moama
109031185,52,1177,631,200,1486,0.7,1146,2.2,Tocumwal - Finley - Jerilderie
110011186,36,1500,730,290,1893,0.7,1432,2.3,Armidale
110011187,44,1094,672,250,1568,0.7,1228,2.4,Armidale Surrounds - North
110011188,47,1426,716,250,1790,0.7,1402,2.4,Armidale Surrounds - South
110011189,50,1056,683,200,1567,0.7,1211,2.2,Walcha
110021190,50,1083,528,220,1324,0.7,934,2.1,Glen Innes
110021191,41,1250,666,270,1492,0.7,1187,2.3,Inverell
110021192,47,1000,490,200,1311,0.8,1057,2.4,Inverell Surrounds - East
110021193,50,1083,533,210,1283,0.7,1034,2.3,Inverell Surrounds - West
110021194,55,1083,490,240,1206,0.7,885,2.1,Tenterfield
110031195,38,1336,828,230,1892,0.8,1494,2.4,Moree
110031196,39,867,820,175,1988,0.8,1627,2.6,Moree Surrounds
110031197,39,1443,820,260,2040,0.7,1558,2.4,Narrabri
110031198,42,1148,727,200,1819,0.8,1434,2.5,Narrabri Surrounds
110041199,36,1500,788,300,2013,0.7,1535,2.4,Gunnedah
110041200,41,1300,739,275,1923,0.8,1585,2.6,Gunnedah Surrounds
110041201,47,1133,620,230,1479,0.7,1165,2.3,Quirindi
110041202,38,1452,766,300,1776,0.7,1383,2.4,Tamworth - East
110041203,38,1543,826,320,1985,0.7,1513,2.3,Tamworth - North
110041204,30,1387,660,290,1408,0.8,1233,2.7,Tamworth - West
110041205,45,1590,713,275,1853,0.7,1431,2.5,Tamworth Surrounds
111011206,44,2009,745,360,2051,0.8,1538,2.5,Belmont - Bennetts Green
111011207,49,1800,653,330,1669,0.8,1240,2.3,Belmont South - Blacksmiths
111011208,38,2000,867,390,2251,0.8,1808,2.5,Charlestown - Dudley
111011209,38,1885,831,380,2173,0.8,1818,2.6,Glendale - Cardiff - Hillsborough
111011210,41,1772,617,255,1622,0.8,1221,2.4,Mount Hutton - Windale
111011211,48,2300,771,420,2684,0.8,1598,2.4,Redhead
111011212,49,2080,686,360,1836,0.8,1419,2.4,Swansea - Caves Beach
111011213,45,2167,894,490,2503,0.7,2201,2.7,Valentine - Eleebana
111011214,45,2090,802,410,2155,0.8,1648,2.4,Warners Bay - Boolaroo
111021215,42,1733,714,333,1893,0.8,1470,2.5,Bolton Point - Teralba
111021216,43,1783,709,400,1762,0.7,1491,2.5,Bonnells Bay - Silverwater
111021217,35,2000,867,450,2255,0.8,2033,2.8,Edgeworth - Cameron Park
111021218,46,2000,660,380,1778,0.8,1378,2.5,Morisset - Cooranbong
111021219,48,1733,676,340,1806,0.7,1400,2.4,Toronto - Awaba
111021220,48,1888,732,370,1863,0.7,1553,2.5,Wangi Wangi - Rathmines
111021221,38,1798,774,390,2020,0.8,1769,2.7,West Wallsend - Barnsley - Killingworth
111031222,37,2167,937,410,2525,0.8,2071,2.6,Adamstown - Kotara
111031223,39,1450,633,340,1500,0.8,1237,2.4,Beresfield - Hexham
111031224,40,2115,877,380,2378,0.8,1669,2.2,Hamilton - Broadmeadow
111031225,40,2119,907,390,2484,0.8,1863,2.4,Lambton - New Lambton
111031226,34,2000,876,470,2332,0.8,2170,3,Maryland - Fletcher - Minmi
111031227,37,1883,811,380,2112,0.8,1604,2.2,Mayfield - Warabrook
111031228,40,2500,1091,420,3006,0.8,2277,2.5,Merewether - The Junction
111031229,38,2169,1149,445,2739,0.9,1929,1.9,Newcastle - Cooks Hill
111031230,42,2546,1062,550,1937,0.7,1875,2.1,Newcastle Port - Kooragang
111031231,28,1700,575,365,1600,0.9,1325,2.4,Shortland - Jesmond
111031232,48,2167,719,430,1990,0.8,1419,2.3,Stockton - Fullerton Cove
111031233,40,1777,714,380,1917,0.8,1470,2.4,Wallsend - Elermore Vale
111031234,36,1937,787,380,2135,0.8,1639,2.3,Waratah - North Lambton
111031235,35,1985,996,450,2422,0.9,1915,2.2,Wickham - Carrington - Tighes Hill
112011236,53,1733,663,390,1563,0.7,1150,2.1,Ballina
112011237,46,1900,747,410,1891,0.8,1565,2.5,Ballina Surrounds
112011238,43,2330,886,550,2292,0.9,2106,2.7,Bangalow
112011239,44,1950,723,498,1771,0.8,1462,2.4,Brunswick Heads - Ocean Shores
112011240,39,2340,837,620,2091,0.9,1748,2.4,Byron Bay
112011241,49,1563,628,320,1457,0.8,1127,2.2,Evans Head
112011242,42,2200,916,580,2296,0.8,2035,2.6,Lennox Head - Skennars Head
112011243,46,1950,654,450,1638,0.9,1364,2.5,Mullumbimby
112021244,43,1300,602,280,1387,0.8,1093,2.4,Casino
112021245,48,1304,556,250,1418,0.8,1147,2.5,Casino Surrounds
112021246,42,1560,707,320,1733,0.7,1325,2.4,Goonellabah
112021247,51,1300,537,270,1345,0.8,1013,2.3,Kyogle
112021248,42,1343,647,300,1622,0.8,1176,2.2,Lismore
112021249,47,1733,705,334,1824,0.8,1478,2.5,Lismore Surrounds
112031250,47,2240,765,483,2075,0.8,1537,2.4,Kingscliff - Fingal Head
112031251,46,1733,597,350,1461,0.8,1154,2.4,Murwillumbah
112031252,48,1745,634,350,1617,0.9,1387,2.6,Murwillumbah Surrounds
112031253,43,1950,707,468,1787,0.8,1466,2.6,Pottsville
112031254,49,1733,656,390,1530,0.8,1182,2.2,Tweed Heads
112031550,48,1900,642,440,1636,0.7,1316,2.4,Banora Point
112031551,43,2167,805,538,2208,0.8,2100,3,Terranora - North Tumbulgum
112031552,54,1733,552,390,1350,0.8,949,2.1,Tweed Heads South
113011256,37,1500,833,300,1974,0.8,1699,2.6,Griffith (NSW)
113011257,40,1200,831,220,1953,0.8,1630,2.6,Griffith Surrounds
113011258,37,1300,746,250,1828,0.8,1427,2.5,Leeton
113011259,44,1000,646,200,1512,0.7,1184,2.3,Narrandera
113021260,47,1127,707,208,1647,0.7,1332,2.3,Tumbarumba
113021261,42,1300,656,245,1615,0.8,1244,2.3,Tumut
113021262,47,1300,712,200,1821,0.7,1390,2.4,Tumut Surrounds
113031263,51,1111,592,219,1426,0.7,1054,2.2,Cootamundra
113031264,44,1291,713,220,1805,0.7,1351,2.4,Gundagai
113031265,41,1247,737,260,1781,0.7,1387,2.4,Junee
113031266,48,1083,640,220,1560,0.7,1168,2.3,Temora
113031267,38,1517,851,300,2088,0.7,1699,2.6,Wagga Wagga - East
113031268,30,1733,841,380,2332,0.8,2042,2.7,Wagga Wagga - North
113031269,35,1517,818,300,2020,0.7,1609,2.5,Wagga Wagga - South
113031270,36,1302,756,270,1753,0.7,1279,2.1,Wagga Wagga - West
113031271,36,1490,856,280,2056,0.8,1748,2.7,Wagga Wagga Surrounds
114011272,56,2167,730,400,1915,0.7,1429,2.3,Berry - Kangaroo Valley
114011273,55,1733,637,380,1495,0.7,1237,2.3,Callala Bay - Currarong
114011274,55,1710,621,331,1476,0.7,1195,2.2,Culburra Beach
114011275,55,2217,828,0,1875,1,1166,2.3,Ettrema - Sassafras - Budawang
114011276,52,2000,792,400,1966,0.7,1501,2.2,Huskisson - Vincentia
114011277,44,1733,679,346,1705,0.7,1363,2.4,North Nowra - Bomaderry
114011278,37,1733,654,330,1599,0.8,1304,2.5,Nowra
114011279,50,1517,559,360,1359,0.7,1098,2.3,St Georges Basin - Erowal Bay
114011280,61,1504,505,310,1238,0.7,909,2,Sussex Inlet - Berrara
114011281,47,2000,723,335,1900,0.8,1716,2.7,Tomerong - Wandandian - Woollamia
114011282,52,1647,612,351,1448,0.7,1167,2.3,Ulladulla
114011283,56,1586,583,330,1389,0.7,1144,2.2,Ulladulla Surrounds
114021284,56,2300,827,500,2182,0.7,1650,2.3,Bowral
114021285,37,2000,819,430,2104,0.8,1937,2.8,Hill Top - Colo Vale
114021286,44,2167,783,435,2118,0.7,1637,2.5,Mittagong
114021287,45,2000,773,400,2015,0.7,1552,2.4,Moss Vale - Berrima
114021288,50,2167,852,440,2283,0.7,1914,2.5,Robertson - Fitzroy Falls
114021289,53,2108,757,400,1947,0.7,1574,2.4,Southern Highlands
115011290,39,2600,974,510,2680,0.9,2389,2.9,Baulkham Hills - East
115011291,40,3000,1013,610,2989,0.8,2847,3.1,Baulkham Hills (West) - Bella Vista
115011294,48,3033,949,650,3086,0.7,2491,2.8,Glenhaven
115011296,44,3033,1038,700,3286,0.7,3217,3.1,West Pennant Hills
115011553,40,2700,944,550,2659,0.9,2361,2.9,Castle Hill - Central
115011554,53,3000,715,547,2921,0.8,2014,2.7,Castle Hill - East
115011555,43,3000,929,600,2909,0.8,2721,3.1,Castle Hill - North
115011556,40,3000,978,550,2712,0.9,2482,2.9,Castle Hill - South
115011557,41,3000,1057,692,3403,0.8,3361,3.3,Castle Hill - West
115011558,43,3000,940,695,3098,0.8,2924,3.1,Cherrybrook
115011621,38,2900,995,650,3089,0.8,3051,3.3,Kellyville - East
115011622,37,3200,1143,600,3181,0.9,2965,3.1,Kellyville - West
115021297,44,3033,906,550,2777,0.8,2595,3.2,Dural - Kenthurst - Wisemans Ferry
115021298,47,2784,903,460,2710,0.8,2364,2.9,Galston - Laughtondale
115031299,48,2167,746,320,2122,0.8,1688,2.5,Bilpin - Colo - St Albans
115031300,40,2383,907,440,2409,0.8,2291,3,Kurrajong Heights - Ebenezer
115041301,39,2600,920,500,2564,0.8,2340,3.1,Pitt Town - McGraths Hill
115041623,32,3000,1274,595,2979,0.8,2976,3.3,Box Hill - Nelson
115041624,33,3250,1212,600,3206,0.9,3120,3.3,North Kellyville
115041625,37,2900,1059,610,3228,0.9,3206,3.4,Rouse Hill - Beaumont Hills
116011303,34,2000,796,380,1949,1,1753,2.7,Blacktown (East) - Kings Park
116011304,34,2270,738,400,1944,0.9,1771,2.9,Blacktown (North) - Marayong
116011306,36,2200,747,380,2108,0.9,2004,3.1,Doonside - Woodcroft
116011307,38,2300,815,380,2275,0.8,1971,2.8,Lalor Park - Kings Langley
116011560,36,2043,744,400,1974,0.9,1776,2.9,Blacktown - South
116011561,35,2100,749,410,1981,0.9,1857,3,Blacktown - West
116011626,37,2167,796,420,2179,0.9,1960,2.8,Seven Hills - Prospect
116011627,35,2167,834,420,2201,1,2061,2.9,Toongabbie - West
116021309,37,2600,984,590,3009,0.9,3068,3.5,Glenwood
116021562,36,2484,1055,540,2800,0.9,2796,3.2,Acacia Gardens
116021563,34,2318,968,460,2476,0.9,2400,3.1,Quakers Hill
116021628,35,2800,1147,600,3199,0.9,3164,3.4,Kellyville Ridge - The Ponds
116021629,32,2882,1142,570,2743,0.8,2729,3.4,Marsden Park - Shanes Park
116021630,32,2600,964,490,2401,0.8,2272,3,Riverstone
116021631,33,3000,1208,580,3094,0.8,3140,3.4,Schofields (West) - Colebee
116021632,31,2817,1166,550,2793,0.9,2682,3.2,Schofields - East
116021633,36,2691,1035,580,3017,0.9,2860,3.2,Stanhope Gardens - Parklea
116031313,32,1733,525,300,1370,0.9,1216,2.9,Bidwill - Hebersham - Emerton
116031314,34,2167,813,420,2130,1,2073,3.2,Glendenning - Dean Park
116031315,34,2120,809,420,2162,0.9,2112,3.4,Hassall Grove - Plumpton
116031316,31,2080,653,320,1662,0.9,1411,3,Lethbridge Park - Tregear
116031317,33,1800,582,345,1543,1,1392,3,Mount Druitt - Whalan
116031318,40,1625,1208,530,2250,1.2,1624,1.4,Prospect Reservoir
116031319,36,2167,763,420,2146,0.9,2050,3.2,Rooty Hill - Minchinbury
117011320,33,3000,1353,620,2571,1.2,2225,2,Banksmeadow
117011321,36,2741,1153,550,2844,1.1,2373,2.6,Botany
117011323,35,2600,881,495,2269,1,1808,2.4,Pagewood - Hillsdale - Daceyville
117011324,61,3179,1812,1200,3749,0.9,2499,1.8,Port Botany Industrial
117011325,35,2302,949,0,4624,0.7,2750,2.3,Sydney Airport
117011634,41,2297,662,385,1893,1,1411,2.5,Eastlakes
117011635,30,2600,994,600,2394,1.2,2253,2.5,Mascot
117021327,36,3000,1247,470,3271,1,2303,2.2,Petersham - Stanmore
117021328,36,2900,1234,630,3092,1,2619,2.5,Sydenham - Tempe - St Peters
117021636,37,2817,1160,550,2961,1,2358,2.4,Marrickville - North
117021637,37,2500,1003,450,2507,1,2018,2.3,Marrickville - South
117031329,37,2964,1535,550,3913,1.1,2279,1.7,Darlinghurst
117031330,34,2752,1669,591,3685,1.1,2825,2,Erskineville - Alexandria
117031331,36,2949,1230,505,3202,1,2080,1.9,Glebe - Forest Lodge
117031333,39,2500,1534,490,3565,1,2041,1.5,Potts Point - Woolloomooloo
117031336,35,2839,1442,550,3551,1.1,2308,1.8,Surry Hills
117031638,29,3000,1023,600,3418,1,2440,2.1,Camperdown - Darlington
117031639,28,2409,882,520,2304,1.2,1606,1.8,Chippendale
117031640,34,3000,1310,550,3385,1,2325,2.1,Newtown (NSW)
117031641,37,2800,1297,580,3035,1.1,2422,2.1,Pyrmont
117031642,36,2789,1178,500,3208,1,2116,1.9,Redfern
117031643,32,2600,1275,600,2883,1.1,2366,2.2,Rosebery - Beaconsfield
117031644,37,3000,1509,640,3450,1.1,2457,1.8,Sydney (North) - Millers Point
117031645,31,2600,819,620,2058,1.4,2108,2.3,Sydney (South) - Haymarket
117031646,30,2500,772,500,2197,1.2,1805,2.1,Ultimo
117031647,33,2500,1172,530,2699,1.1,2028,1.8,Waterloo
117031648,30,2642,1262,600,2670,1.1,2192,2,Zetland
118011339,35,3467,1472,675,3792,1,2951,2.3,Bondi - Tamarama - Bronte
118011340,34,3467,1551,689,3811,1,3013,2.2,Bondi Beach - North Bondi
118011341,36,3500,1354,652,3554,1,2566,2.3,Bondi Junction - Waverly
118011342,0,0,0,0,0,0,0,0,Centennial Park
118011344,39,3788,1319,650,3624,0.9,2828,2.6,Dover Heights
118011345,37,3800,1651,590,4589,0.9,2810,2.1,Paddington - Moore Park
118011346,44,4195,1450,713,4590,0.8,3469,2.6,Rose Bay - Vaucluse - Watsons Bay
118011347,42,4000,1635,675,4566,0.9,3021,2.2,Woollahra
118011649,40,3700,1594,660,4505,0.9,3301,2.4,Bellevue Hill
118011650,42,3200,1690,720,4303,0.9,2921,2,Double Bay - Darling Point
118021564,32,2800,946,500,2743,1,2117,2.3,Kensington (NSW)
118021565,33,3000,844,475,2514,1,1895,2.5,Kingsford
118021566,41,3033,1116,600,3059,0.9,2415,2.6,Maroubra - North
118021567,40,3000,968,490,2639,0.9,1893,2.3,Maroubra - South
118021568,37,2970,1005,550,2562,1,2148,2.5,Maroubra - West
118021569,37,3000,1402,570,3264,1,2403,2.2,Randwick - North
118021570,35,3160,1259,575,3243,1,2450,2.3,Randwick - South
118021651,35,3467,1571,650,3779,1,3092,2.3,Coogee - Clovelly
118021652,44,3200,985,535,2875,0.9,2215,2.5,Malabar - La Perouse
118021653,42,3000,859,475,2598,0.9,2132,2.8,Matraville - Chifley
118021654,42,4000,958,207,3625,0.9,2105,2.6,South Coogee
119011354,35,2400,539,400,1620,1,1410,3.2,Bass Hill - Georges Hall
119011355,31,2600,893,500,2447,1,2218,3.2,Chullora
119011356,34,2300,566,500,1708,1,1627,3.4,Condell Park
119011358,41,2427,764,470,2265,0.8,1899,2.8,Padstow
119011360,38,2500,746,460,2201,0.9,1932,2.9,Revesby
119011361,35,2131,528,400,1598,1,1453,3.2,Yagoona - Birrong
119011571,33,1764,558,400,1445,1.2,1322,2.9,Bankstown - North
119011572,34,1820,526,415,1436,1.1,1355,3,Bankstown - South
119011655,34,2253,496,400,1704,1,1429,3.3,Greenacre - North
119011656,33,2330,507,450,1569,1.1,1467,3.5,Greenacre - South
119011657,38,2600,797,480,2310,0.8,2064,2.9,Panania (North) - Milperra
119011658,39,2695,870,480,2514,0.8,2166,2.9,Panania (South) - Picnic Point
119021362,39,2169,650,395,1845,1,1525,2.7,Belmore - Belfield
119021366,33,2026,504,380,1489,1.1,1384,3.2,Punchbowl
119021367,38,2300,671,425,1935,1,1704,3,Roselands
119021573,32,1712,521,350,1285,1.4,1227,3.1,Lakemba
119021574,31,1703,550,350,1325,1.3,1248,3,Wiley Park
119021659,38,2000,613,400,1572,1.1,1491,2.8,Campsie - North
119021660,36,1950,615,380,1462,1.2,1377,2.6,Campsie - South
119021661,35,2221,814,450,2043,1.1,1800,2.5,Canterbury - South
119021662,44,2809,836,570,2486,0.9,2163,2.8,Earlwood
119021663,41,2600,697,450,2125,0.9,1841,2.9,Kingsgrove - North
119031370,40,2253,677,400,1977,0.9,1646,2.7,Narwee - Beverly Hills
119031371,43,3000,974,490,2798,0.8,2438,2.9,Oatley - Hurstville Grove
119031372,42,2600,830,450,2455,0.9,2091,2.8,Peakhurst - Lugarno
119031373,40,2100,565,300,1553,1,1208,2.5,Riverwood
119031374,38,2600,780,490,2221,1,2097,2.9,South Hurstville - Blakehurst
119031664,32,2010,725,460,1733,1.3,1717,2.7,Hurstville - Central
119031665,40,2600,641,490,1886,0.9,1858,3,Hurstville - North
119031666,39,2500,935,420,2592,0.9,2151,2.7,Mortdale - Oatley
119031667,37,2100,790,400,1942,1,1689,2.5,Penshurst
119041377,42,2700,763,500,2338,0.9,2027,2.8,Kingsgrove (South) - Bardwell Park
119041378,35,2251,905,464,2219,1.1,1959,2.5,Kogarah
119041379,38,2305,801,450,2191,1,1954,2.7,Kogarah Bay - Carlton - Allawah
119041380,44,2484,815,450,2131,0.9,1647,2.3,Monterey - Brighton-le-Sands - Kyeemagh
119041381,35,2185,795,460,2048,1.1,1910,2.6,Rockdale - Banksia
119041382,45,2600,873,500,2368,0.8,1798,2.4,Sans Souci - Ramsgate
119041668,34,2400,848,500,2202,1.1,2067,2.7,Arncliffe - Bardwell Valley
119041669,39,2500,731,520,2155,1,1949,3,Bexley - North
119041670,38,2167,747,420,1980,1,1798,2.7,Bexley - South
119041671,30,2383,1069,540,2337,1.2,2160,2.2,Wolli Creek
120011383,43,3000,1056,600,2840,0.9,2388,2.6,Concord - Mortlake - Cabarita
120011385,42,3250,1296,600,3446,0.9,2754,2.4,Drummoyne - Rodd Point
120011386,42,3000,1148,576,2982,0.9,2333,2.4,Five Dock - Abbotsford
120011672,37,2600,1011,500,2712,1,2385,2.8,Concord West - North Strathfield
120011673,32,2500,1119,560,2404,1.2,2183,2.2,Rhodes
120021387,43,4000,1592,640,4603,0.9,3149,2.2,Balmain
120021389,40,3500,1542,600,4207,1,3059,2.3,Lilyfield - Rozelle
120021674,38,3467,1441,570,3905,1,2677,2.3,Annandale (NSW)
120021675,38,3447,1377,600,3541,1,2721,2.4,Leichhardt
120031392,37,2400,921,480,2411,1,2092,2.5,Canterbury (North) - Ashbury
120031393,41,2500,802,430,2301,0.9,1844,2.6,Croydon Park - Enfield
120031394,37,2600,1197,480,2885,1,2162,2.2,Dulwich Hill - Lewisham
120031395,40,3000,1190,470,3242,0.9,2377,2.4,Haberfield - Summer Hill
120031396,31,2127,911,450,2169,1.2,2037,2.6,Homebush
120031576,38,2400,870,460,2341,1,2045,2.8,Strathfield South
120031676,35,2167,914,420,2214,1,1888,2.3,Ashfield - North
120031677,38,2352,872,470,2332,1,1918,2.4,Ashfield - South
120031678,31,2400,715,500,1875,1.2,1662,2.5,Burwood (NSW)
120031679,41,2640,785,460,2397,1,2121,2.8,Croydon
120031680,30,2500,782,480,2170,1.2,2135,2.7,Strathfield - East
120031681,41,3200,961,530,3066,0.9,2726,3.1,Strathfield - West
121011399,37,2708,1229,500,3094,1,2415,2.5,Chatswood (West) - Lane Cove North
121011401,36,3000,1607,600,3674,1.1,2748,2.1,St Leonards - Naremburn
121011682,37,2772,1201,525,3049,1.1,2420,2.5,Artarmon
121011683,45,4333,1355,850,4641,0.8,3987,2.9,Castle Cove - Northbridge
121011684,37,3000,912,590,2433,1.1,2123,2.5,Chatswood - East
121011685,41,3500,1489,600,4648,0.9,3662,2.7,Greenwich - Riverview
121011686,38,3000,1361,550,3434,1,2648,2.4,Lane Cove
121011687,41,3600,1160,596,3630,0.9,2880,2.8,Willoughby
121021403,39,2550,1012,500,2766,0.9,2450,2.9,Asquith - Mount Colah
121021404,42,2528,967,560,2878,0.8,2497,2.9,Berowra - Brooklyn - Cowan
121021406,41,3000,1003,550,3157,0.8,2781,2.9,Normanhurst - Thornleigh - Westleigh
121021577,36,2115,893,440,2151,1.1,1817,2.3,Hornsby - East
121021578,41,2600,884,450,2540,0.9,2180,2.8,Hornsby - West
121021579,38,2380,980,490,2483,1.1,2155,2.5,Wahroonga (West) - Waitara
121031407,41,3200,1070,600,3103,0.9,2640,2.8,Gordon - Killara
121031408,41,3600,1200,620,3598,0.9,3125,2.9,Lindfield - Roseville
121031409,41,3500,1188,650,3810,0.8,3414,3,Pymble
121031410,43,3500,1070,700,3314,0.8,2965,2.9,St Ives
121031411,45,3500,1074,610,3460,0.8,2917,2.8,Turramurra
121031412,43,3600,1108,650,3663,0.8,3233,2.9,Wahroonga (East) - Warrawee
121041413,41,3238,1553,600,3905,0.9,2689,2.1,Cremorne - Cammeray
121041414,38,2950,1593,575,3627,1,2615,2,Crows Nest - Waverton
121041416,40,2990,1551,541,3684,1,2364,1.9,Neutral Bay - Kirribilli
121041417,38,2850,1683,600,3811,1.1,2709,1.9,North Sydney - Lavender Bay
121041688,45,3500,1464,600,4154,0.9,2822,2.3,Mosman - North
121041689,44,4000,1510,580,4569,0.9,2966,2.3,Mosman - South
122011418,42,4000,1282,697,4368,0.9,3409,2.9,Balgowlah - Clontarf - Seaforth
122011419,38,3467,1568,725,4245,1,3185,2.2,Manly - Fairlight
122021420,48,3300,1058,745,2981,0.8,2547,2.7,Avalon - Palm Beach
122021421,49,3467,1006,745,3089,0.8,2560,2.7,Bayview - Elanora Heights
122021422,46,3033,1115,628,3067,0.8,2607,2.7,Newport - Bilgola
122021690,45,3033,1008,660,2806,0.9,2277,2.6,Mona Vale - Warriewood (North)
122021691,40,3093,1072,710,3021,0.9,2754,2.9,North Narrabeen - Warriewood (South)
122031424,42,3200,893,550,2772,0.9,2445,3,Beacon Hill - Narraweena
122031425,42,3179,925,650,2800,0.9,2379,2.9,Cromer
122031427,43,3400,975,720,3328,0.8,2794,3,Forestville - Killarney Heights
122031429,37,3033,1295,600,3303,1,2724,2.5,Freshwater - Brookvale
122031430,40,3250,1112,550,3306,1,2737,2.8,Manly Vale - Allambie Heights
122031432,47,3200,1010,610,3178,0.8,2899,3,Terrey Hills - Duffys Forest
122031692,46,3464,903,885,3121,0.8,2601,2.9,Belrose
122031693,41,3000,1066,600,3039,0.9,2601,2.7,Collaroy - Collaroy Plateau
122031694,38,3000,1120,573,3127,1,2550,2.7,Dee Why (South) - North Curl Curl
122031695,36,2400,1055,550,2400,1.2,2069,2.2,Dee Why - North
122031696,41,3400,1041,828,3301,0.8,3142,3.2,Frenchs Forest - Oxford Falls
122031697,46,2817,1019,580,2696,1,1998,2.3,Narrabeen - Wheeler Heights
123011433,42,2336,876,420,2463,0.8,2053,2.7,Camden - Ellis Lane
123011698,31,2200,980,460,2325,0.8,2170,3,Currans Hill
123011699,34,2427,939,450,2457,0.8,2189,2.9,Elderslie - Narellan
123011700,36,2600,974,550,2948,0.8,2913,3.4,Harrington Park
123011701,35,2196,939,470,2522,0.8,2395,3.2,Mount Annan
123011702,30,2500,1122,510,2503,0.8,2403,3,Spring Farm
123021436,33,2000,695,370,1757,0.8,1551,2.9,Bradbury - Wedderburn
123021437,35,2023,744,390,1919,0.9,1547,2.6,Campbelltown - Woodbine
123021438,35,2000,755,375,1952,0.9,1794,3,Claymore - Eagle Vale - Raby
123021439,33,0,1499,330,2750,1.5,2750,3,Holsworthy Military Area
123021441,37,2000,719,360,1875,0.8,1596,2.8,Leumeah - Minto Heights
123021443,35,2035,712,370,1898,0.9,1727,3.1,Minto - St Andrews
123021444,37,1950,697,370,1854,0.8,1663,2.9,Rosemeadow - Glen Alpine
123021703,32,2700,985,550,2508,0.9,2437,3.3,Denham Court - Bardia
123021704,36,2167,844,420,2203,0.9,2070,3,Glenfield
123021705,37,2000,739,380,1911,0.9,1671,2.9,Ingleburn
123021706,36,1800,592,340,1580,0.9,1378,2.9,Macquarie Fields
123031445,40,2167,763,415,2101,0.8,1841,2.9,Bargo
123031446,36,2600,959,490,2624,0.8,2484,3.2,Douglas Park - Appin
123031447,37,2175,829,400,2169,0.8,1886,2.8,Picton - Tahmoor - Buxton
123031448,38,2383,869,410,2346,0.8,2296,3.1,The Oaks - Oakdale
124011449,52,1733,727,380,1814,0.7,1317,2.1,Blackheath - Megalong Valley
124011450,41,2265,971,440,2652,0.8,2294,2.8,Blaxland - Warrimoo - Lapstone
124011451,61,2353,575,0,1375,0.4,1375,1.8,Blue Mountains - North
124011452,50,1733,687,380,1790,0.7,1238,2.1,Katoomba - Leura
124011453,43,1950,784,400,2129,0.8,1755,2.5,Lawson - Hazelbrook - Linden
124011454,43,2167,899,420,2402,0.7,2043,2.6,Springwood - Winmalee
124011455,50,2080,740,430,1978,0.7,1528,2.3,Wentworth Falls
124021456,70,0,900,150,0,0.7,900,1,Blue Mountains - South
124031457,35,2058,820,400,2016,0.8,1806,2.7,Cambridge Park
124031459,40,2200,934,437,2470,0.8,2122,2.7,Emu Plains - Leonay
124031460,35,2300,1009,465,2588,0.8,2425,3.1,Glenmore Park - Regentville
124031461,37,2113,843,400,2091,0.8,1756,2.6,Jamisontown - South Penrith
124031462,33,2128,839,370,2072,0.8,1707,2.7,Kingswood - Werrington
124031463,35,2773,1025,530,2823,0.8,2699,3.3,Mulgoa - Luddenham - Orchard Hills
124031464,36,1783,812,380,1850,0.8,1397,2.1,Penrith
124031465,35,2383,969,416,2505,0.8,2330,3.1,Warragamba - Silverdale
124031707,34,2167,897,410,2304,0.8,2118,3,Cranebrook - Castlereagh
124031708,31,2600,1053,530,2506,0.8,2446,3.3,Jordan Springs - Llandilo
124041466,39,2167,790,400,2023,0.8,1587,2.4,Richmond - Clarendon
124041467,35,2100,842,390,2139,0.8,1805,2.6,Windsor - Bligh Park
124041468,38,2500,827,470,2287,0.8,2271,3.3,Yarramundi - Londonderry
124051469,37,2167,906,450,2397,0.8,2349,3.2,Erskine Park
124051470,36,2167,849,440,2183,0.8,2067,3,St Clair
124051580,34,1950,739,390,1770,0.9,1562,2.8,Colyton - Oxley Park
124051581,35,1842,716,360,1683,0.9,1395,2.5,St Marys - North St Marys
125011475,51,0,824,243,1874,0.7,1874,2.5,Rookwood Cemetery
125011582,31,2056,571,450,1424,1.3,1564,3.4,Auburn - Central
125011583,30,1733,639,380,1439,1.3,1493,3,Auburn - North
125011584,33,2167,496,435,1476,1.1,1517,3.5,Auburn - South
125011585,37,2000,597,380,1610,1,1540,3,Berala
125011586,35,2230,704,480,1856,1.1,1886,3,Lidcombe
125011587,36,1976,569,375,1575,1,1417,3,Regents Park
125011709,37,2391,993,520,2526,1,2272,2.8,Silverwater - Newington
125011710,32,2300,1150,510,2265,1.2,2002,2.1,Wentworth Point - Sydney Olympic Park
125021477,37,2600,803,430,2260,0.9,1958,2.8,Ermington - Rydalmere
125021478,40,2600,758,420,2170,0.9,1838,2.8,Oatlands - Dundas Valley
125021711,41,2600,789,520,2328,0.9,2143,3,Carlingford - East
125021712,38,2500,802,490,2168,1,2101,3,Carlingford - West
125031479,34,2167,517,400,1577,1,1415,3.2,Chester Hill - Sefton
125031480,37,1850,478,300,1394,1.1,1187,3,Fairfield - East
125031481,31,2000,629,420,1648,1.2,1585,3.1,Granville - Clyde
125031483,31,2100,472,360,1404,1.1,1223,3.2,Guildford - South Granville
125031484,33,2167,587,400,1663,1,1458,3,Guildford West - Merrylands West
125031486,43,0,850,150,1625,1.3,1625,1.8,Smithfield Industrial
125031487,51,0,350,462,949,1.1,1125,2,Yennora Industrial
125031713,39,2500,740,480,2150,0.8,1928,3,Greystanes - South
125031714,33,2000,630,400,1668,1.1,1461,2.9,Merrylands - Holroyd
125031715,38,2500,894,500,2559,0.9,2339,3.1,Pemulwuy - Greystanes (North)
125031716,35,2328,692,460,1968,0.9,1727,3,South Wentworthville
125041489,35,2080,944,410,2264,1,1862,2.3,North Parramatta
125041490,41,2945,917,550,2605,0.8,2399,3,North Rocks
125041491,34,2167,1007,420,2401,1,2075,2.5,Northmead
125041493,38,2200,807,438,2297,0.9,2012,2.8,Toongabbie - Constitution Hill
125041494,40,2700,939,530,2703,0.8,2421,3,Winston Hills
125041588,36,2250,831,420,2292,1.1,2057,2.9,Pendle Hill - Girraween
125041589,33,2167,926,420,2356,1.2,2176,2.8,Wentworthville - Westmead
125041717,31,2078,1119,450,2380,1.3,2149,2.3,Parramatta - North
125041718,32,1883,845,400,2051,1.2,1947,2.6,Parramatta - South
125041719,32,1900,836,375,1975,1.2,1757,2.5,Rosehill - Harris Park
126011496,43,3000,1045,530,3187,0.8,2784,2.9,Pennant Hills - Cheltenham
126011720,36,2605,1025,500,2755,1,2385,2.8,Epping (East) - North Epping
126011721,37,2650,919,500,2418,1,2238,2.8,Epping (NSW) - West
126021498,40,3000,1198,460,3178,0.9,2315,2.4,Gladesville - Huntleys Point
126021499,46,4333,1244,540,4584,0.8,3368,2.7,Hunters Hill - Woolwich
126021500,34,2383,900,470,2340,1.1,1924,2.2,Macquarie Park - Marsfield
126021501,38,2800,1054,521,2974,1,2439,2.7,North Ryde - East Ryde
126021503,36,2400,996,420,2420,1,2019,2.4,West Ryde - Meadowbank
126021590,43,3467,1084,700,3303,0.8,3056,3,Putney
126021722,42,2817,926,600,2780,0.8,2563,3,Denistone
126021723,39,2750,762,450,2183,1,1953,2.8,Eastwood
126021724,39,2500,880,430,2410,1,1889,2.5,Ryde - North
126021725,33,2500,1143,500,2500,1.2,2158,2.3,Ryde - South
127011504,33,1842,452,266,1232,1,1027,3,Ashcroft - Busby - Miller
127011505,34,2500,787,500,2115,0.8,2047,3.2,Austral - Greendale
127011592,46,0,850,182,2083,0.8,2083,2.6,Badgerys Creek
127011593,38,2167,727,550,2346,0.9,2409,3.6,Cecil Hills
127011594,37,2041,580,450,1743,1,1775,3.5,Green Valley
127011595,35,2167,672,480,1993,0.9,2039,3.6,Hinchinbrook
127011596,33,2342,762,500,2259,0.9,2248,3.6,Hoxton Park - Carnes Hill - Horningsea Park
127011597,33,2427,808,525,2408,0.9,2412,3.7,West Hoxton - Middleton Grange
127011726,35,2663,957,530,2421,0.8,2273,2.9,Cobbitty - Bringelly
127011727,30,2600,1127,530,2629,0.8,2551,3.2,Gledswood Hills - Gregory Hills
127011728,33,2650,893,550,2343,0.8,2271,3.2,Leppington - Catherine Field
127011729,30,2626,1026,530,2381,0.9,2349,3.3,Oran Park
127021509,38,2000,513,400,1611,1,1571,3.3,Bonnyrigg Heights - Bonnyrigg
127021510,41,2167,559,470,1856,0.9,1739,3.3,Bossley Park - Abbotsbury
127021511,40,1517,468,330,1311,1.1,1216,3,Cabramatta - Lansvale
127021512,37,1950,497,380,1520,1,1440,3.3,Cabramatta West - Mount Pritchard
127021513,38,1815,478,360,1455,1.1,1409,3.3,Canley Vale - Canley Heights
127021514,39,2167,538,450,1805,0.9,1817,3.4,Edensor Park
127021515,40,1733,453,367,1243,1.1,1087,2.9,Fairfield
127021516,37,2057,457,450,1409,1,1373,3.4,Fairfield - West
127021517,40,2037,475,450,1519,0.9,1477,3.3,Greenfield Park - Prairiewood
127021518,44,3000,779,440,2473,0.8,2372,3.4,Horsley Park - Kemps Creek
127021519,39,2167,491,420,1531,1,1370,3.1,Smithfield - Wetherill Park
127021520,42,2065,492,450,1576,0.9,1560,3.3,St Johns Park - Wakeley
127021521,56,0,466,400,3499,1.3,1062,1.9,Wetherill Park Industrial
127031522,36,2167,645,450,1917,0.9,1730,3.2,Casula
127031523,37,2400,809,500,2274,0.8,2120,3.1,Chipping Norton - Moorebank
127031524,35,2275,1027,495,2652,0.9,2463,3.1,Holsworthy - Wattle Grove
127031599,33,2000,471,350,1330,1,1136,3,Lurnea - Cartwright
127031601,35,1517,598,320,1405,1.1,1120,2.3,Warwick Farm
127031730,31,2800,1008,550,2619,0.9,2562,3.4,Edmondson Park
127031731,32,1733,699,380,1525,1.1,1345,2.3,Liverpool - East
127031732,36,1733,479,360,1420,1,1234,2.9,Liverpool - West
127031733,34,2200,757,520,2291,0.9,2309,3.6,Prestons
128011529,41,2860,1046,530,2897,0.8,2428,2.8,Gymea - Grays Point
128011530,40,2600,941,490,2470,0.9,2005,2.5,Miranda - Yowie Bay
128011531,46,2817,855,550,2410,0.8,2017,2.6,Sylvania - Taren Point
128011602,37,2544,1020,470,2531,0.9,1894,2.3,Caringbah
128011603,42,3400,1044,730,3179,0.8,2722,2.9,Caringbah South
128011604,42,2600,1124,500,2682,0.9,2105,2.3,Cronulla - Kurnell - Bundeena
128011605,42,3900,1195,833,3646,0.8,3481,3.2,Lilli Pilli - Port Hacking - Dolans Bay
128011606,40,3000,1157,550,3243,0.9,2569,2.6,Woolooware - Burraneer
128021533,42,2513,949,520,2611,0.8,2239,2.7,Heathcote - Waterfall
128021534,43,2800,976,680,2910,0.8,2830,3.1,Illawong - Alfords Point
128021535,40,2687,989,580,2896,0.8,2692,3,Menai - Lucas Heights - Woronora
128021536,40,3000,1063,500,3103,0.8,2745,2.9,Oyster Bay - Como - Jannali
128021537,22,0,825,390,1625,1.1,1875,3.3,Royal National Park
128021538,38,2383,1056,460,2514,0.9,2010,2.3,Sutherland - Kirrawee
128021607,39,2600,946,500,2600,0.8,2298,2.9,Engadine
128021608,40,2684,972,550,2816,0.8,2538,2.9,Loftus - Yarrawarrah
128021609,44,2672,1023,738,3215,0.8,3154,3.2,Woronora Heights
197979799,56,0,1649,0,0,0,0,0,Migratory - Offshore - Shipping (NSW)
199999499,0,0,0,0,0,0,0,0,No usual address (NSW)
201011001,34,1698,865,370,2218,0.8,1952,2.8,Alfredton
201011002,45,1700,842,313,2276,0.7,1573,2.2,Ballarat
201011005,42,1662,805,330,2270,0.8,1927,2.7,Buninyong
201011006,33,1500,775,360,1855,0.7,1627,2.6,Delacombe
201011007,41,1733,802,350,2236,0.8,2065,3,Smythes Creek
201011008,38,1300,642,260,1517,0.7,1191,2.3,Wendouree - Miners Rest
201011481,41,1300,671,288,1579,0.7,1209,2.1,Ballarat East - Warrenheip
201011482,41,1560,837,300,2217,0.7,1644,2.4,Ballarat North - Invermay
201011483,37,1387,733,295,1800,0.7,1396,2.3,Canadian - Mount Clear
201011484,39,1179,614,260,1362,0.7,1020,2.1,Sebastopol - Redan
201021009,43,1700,770,330,2053,0.8,1731,2.5,Bacchus Marsh Surrounds
201021010,49,1300,628,250,1625,0.7,1238,2.3,Creswick - Clunes
201021011,53,1600,703,330,1784,0.8,1343,2.1,Daylesford
201021012,44,1695,765,270,2111,0.8,1813,2.7,Gordon (Vic.)
201031013,53,1006,516,200,1286,0.7,985,2.2,Avoca
201031014,49,1216,628,218,1552,0.7,1193,2.2,Beaufort
201031015,43,1387,668,250,1768,0.8,1455,2.6,Golden Plains - North
201031016,51,1000,511,240,1220,0.7,876,2.1,Maryborough (Vic.)
201031017,53,1046,494,200,1323,0.7,956,2.2,Maryborough Surrounds
202011018,39,1300,712,280,1665,0.7,1267,2.1,Bendigo
202011019,38,1300,660,280,1528,0.7,1223,2.4,California Gully - Eaglehawk
202011020,44,1430,759,295,1929,0.7,1408,2.2,East Bendigo - Kennington
202011021,38,1399,770,290,1957,0.7,1465,2.3,Flora Hill - Spring Gully
202011022,42,1300,676,290,1580,0.7,1238,2.2,Kangaroo Flat - Golden Square
202011023,37,1690,896,380,2358,0.8,2203,3.1,Maiden Gully
202011024,39,1742,897,400,2411,0.8,2217,2.9,Strathfieldsaye
202011025,34,1469,811,330,1941,0.8,1689,2.7,White Hills - Ascot
202021026,41,1625,836,320,2197,0.8,2040,2.9,Bendigo Surrounds - South
202021027,50,1408,683,310,1676,0.7,1200,2.1,Castlemaine
202021028,52,1473,666,280,1746,0.7,1317,2.2,Castlemaine Surrounds
202021029,53,1387,556,260,1450,0.7,1115,2.2,Heathcote
202021030,46,1737,771,351,2086,0.7,1695,2.4,Kyneton
202021031,46,2000,870,392,2547,0.8,2113,2.6,Woodend
202031032,46,1300,681,230,1767,0.8,1454,2.5,Bendigo Surrounds - North
202031033,52,867,551,170,1375,0.7,1027,2.2,Loddon
203011034,36,1907,865,386,2325,0.8,2159,3,Bannockburn
203011035,40,1733,780,308,2103,0.8,1898,2.9,Golden Plains - South
203011036,43,1733,826,300,2162,0.8,1845,2.6,Winchelsea
203021037,37,1700,799,350,2070,0.8,1510,2.3,Belmont
203021039,40,1703,843,340,2211,0.8,1542,2.1,Geelong
203021040,37,1842,918,335,2365,0.8,1719,2.3,Geelong West - Hamlyn Heights
203021042,38,2000,859,365,2575,0.8,2111,2.7,Highton
203021043,37,1755,827,370,2227,0.8,1966,2.7,Lara
203021044,41,1603,757,375,1956,0.7,1589,2.5,Leopold
203021045,45,1367,627,300,1473,0.8,1161,2.2,Newcomb - Moolap
203021046,40,2167,1001,360,2861,0.8,2092,2.5,Newtown (Vic.)
203021047,42,1560,692,340,1812,0.8,1386,2.3,North Geelong - Bell Park
203021485,31,1755,918,420,2216,0.7,1988,2.6,Charlemont
203021486,36,1300,574,280,1430,0.8,1230,2.6,Corio - Lovely Banks
203021487,36,1733,784,390,2128,0.8,1779,2.6,Grovedale - Mount Duneed
203021488,38,1200,499,254,1228,0.8,926,2.1,Norlane
203031048,45,1650,707,380,1784,0.7,1424,2.4,Clifton Springs
203031049,55,2167,881,390,2127,0.7,1684,2.2,Lorne - Anglesea
203031051,59,1667,605,340,1429,0.6,1139,2.1,Portarlington
203031052,61,2000,818,400,1965,0.6,1521,2.1,Point Lonsdale - Queenscliff
203031053,40,2167,1001,500,2627,0.8,2281,2.7,Torquay
203031489,35,1907,1004,420,2399,0.8,2201,2.7,Barwon Heads - Armstrong Creek
203031490,44,2000,850,420,2320,0.7,1882,2.5,Ocean Grove
204011054,54,1300,643,250,1528,0.7,1135,2.1,Alexandra
204011055,55,1170,621,250,1479,0.7,1133,2.1,Euroa
204011056,40,1603,737,330,1949,0.7,1574,2.5,Kilmore - Broadford
204011057,48,1500,722,320,1708,0.7,1331,2.3,Mansfield (Vic.)
204011058,51,1500,715,285,1755,0.7,1293,2.2,Nagambie
204011059,45,1300,633,250,1483,0.7,1165,2.2,Seymour
204011060,39,1733,908,265,2126,0.8,1900,2.7,Seymour Surrounds
204011061,43,1100,540,260,1375,0.9,900,2.1,Upper Yarra Valley
204011062,53,1500,635,300,1592,0.7,1222,2.2,Yea
204021063,51,1253,645,250,1521,0.7,1142,2.1,Benalla
204021064,52,1365,688,220,1626,0.7,1363,2.4,Benalla Surrounds
204021065,49,1300,734,243,1808,0.7,1344,2.3,Rutherglen
204021066,44,1300,708,260,1732,0.7,1242,2.2,Wangaratta
204021067,48,1500,763,250,1847,0.8,1501,2.5,Wangaratta Surrounds
204031068,49,1560,766,300,1899,0.7,1434,2.3,Beechworth
204031069,47,1500,768,298,1826,0.7,1397,2.3,Bright - Mount Beauty
204031070,47,1389,752,260,1915,0.7,1493,2.4,Chiltern - Indigo Valley
204031071,50,1400,683,250,1673,0.7,1226,2.3,Myrtleford
204031072,52,1200,688,210,1657,0.7,1280,2.2,Towong
204031073,39,1387,763,290,1905,0.7,1470,2.4,West Wodonga
204031075,45,1690,851,280,2125,0.8,1833,2.6,Yackandandah
204031491,33,1707,977,385,2266,0.8,2143,2.9,Baranduda - Leneva
204031492,41,1300,717,260,1606,0.7,1214,2.2,Wodonga
205011076,39,1625,704,330,1799,0.7,1452,2.5,Drouin
205011077,48,1517,695,250,1782,0.8,1456,2.5,Mount Baw Baw Region
205011078,43,1500,722,300,1846,0.7,1452,2.4,Trafalgar (Vic.)
205011079,41,1647,756,320,1993,0.7,1590,2.5,Warragul
205021080,0,0,0,0,0,0,0,0,Alps - East
205021081,45,1300,648,280,1516,0.7,1194,2.3,Bairnsdale
205021082,48,1343,669,250,1619,0.8,1323,2.4,Bruthen - Omeo
205021083,0,0,0,0,0,0,0,0,Lake King
205021084,55,1300,562,270,1317,0.7,1014,2.2,Lakes Entrance
205021085,55,1083,529,190,1280,0.7,926,2.1,Orbost
205021086,61,1300,571,310,1314,0.7,1071,2.1,Paynesville
205031087,54,1300,619,250,1466,0.7,1110,2.1,Foster
205031088,52,1800,444,346,1050,0.9,1014,2.3,French Island
205031089,46,1499,680,280,1725,0.8,1384,2.5,Korumburra
205031090,47,1457,668,270,1744,0.7,1315,2.4,Leongatha
205031091,52,1517,640,330,1490,0.7,1175,2.2,Phillip Island
205031092,31,0,1291,100,2374,0.7,1333,1.5,Wilsons Promontory
205031093,51,1467,618,298,1480,0.7,1154,2.2,Wonthaggi - Inverloch
205041094,42,1300,668,230,1715,0.7,1409,2.5,Churchill
205041095,45,1083,583,210,1441,0.7,1017,2.2,Moe - Newborough
205041096,43,953,523,215,1263,0.7,942,2.2,Morwell
205041098,41,1300,747,250,1994,0.8,1656,2.6,Yallourn North - Glengarry
205041493,41,1300,709,250,1847,0.7,1386,2.3,Traralgon - East
205041494,39,1326,822,300,2082,0.7,1635,2.4,Traralgon - West
205051099,65,1680,575,20,1124,0.5,699,1.4,Alps - West
205051100,52,1300,600,200,1476,0.7,1079,2.2,Longford - Loch Sport
205051101,43,1300,670,250,1726,0.7,1324,2.4,Maffra
205051102,39,1300,723,236,1837,0.8,1487,2.5,Rosedale
205051103,42,1300,702,280,1777,0.7,1331,2.3,Sale
205051104,53,1192,547,240,1343,0.7,1012,2.2,Yarram
206011106,33,2000,1244,421,2834,1,2087,2,Brunswick East
206011107,35,2000,1002,365,2539,0.9,1786,2.1,Brunswick West
206011109,39,2167,954,421,2761,0.9,2245,2.7,Pascoe Vale South
206011495,34,2167,1032,431,2718,0.9,2062,2.2,Brunswick - North
206011496,34,2018,1154,450,2880,0.9,2126,2.1,Brunswick - South
206011497,37,2100,880,416,2413,0.9,1944,2.4,Coburg - East
206011498,37,2299,905,450,2645,0.9,2186,2.6,Coburg - West
206021110,38,2200,1098,381,3138,0.9,2112,2.3,Alphington - Fairfield
206021112,37,2200,1041,396,2710,0.9,1978,2.3,Thornbury
206021499,38,2427,1130,461,3164,0.9,2251,2.4,Northcote - East
206021500,36,2346,1216,490,3203,0.9,2318,2.3,Northcote - West
206031113,37,2458,1080,370,3024,0.9,2192,2.4,Ascot Vale
206031115,34,2000,927,324,2221,0.9,1571,2,Flemington
206031116,38,2167,1113,400,2926,0.9,2111,2.2,Moonee Ponds
206031501,40,2400,1019,382,2926,0.9,2195,2.5,Essendon (West) - Aberfeldie
206031502,37,2167,1111,371,2896,0.9,2055,2.2,Essendon - East
206041117,27,1871,652,365,2064,1,1289,1.8,Carlton
206041118,32,2000,1182,411,2462,1.1,1956,1.8,Docklands
206041119,42,2383,1532,480,3733,0.9,2345,1.8,East Melbourne
206041120,32,1772,1281,401,3083,0.7,2178,1.8,Flemington Racecourse
206041121,35,2162,1246,416,3063,0.9,2216,2.1,Kensington (Vic.)
206041124,26,2000,588,396,2567,1,1885,2.1,Parkville
206041125,39,2100,1454,457,3284,0.9,2259,1.8,South Yarra - West
206041127,0,0,0,0,0,0,0,0,West Melbourne - Industrial
206041503,30,1770,884,375,2248,1,1511,1.7,Melbourne CBD - East
206041504,26,1725,638,361,1520,1,1089,1.7,Melbourne CBD - North
206041505,29,1710,861,376,1945,1.1,1446,1.7,Melbourne CBD - West
206041506,31,2035,953,381,2475,1,1718,2,North Melbourne
206041507,70,0,3250,0,7000,0.1,7000,2,Royal Botanic Gardens Victoria
206041508,33,2000,1227,430,2681,1,2054,1.8,Southbank (West) - South Wharf
206041509,31,1820,1152,408,2385,1,1880,1.8,Southbank - East
206041510,31,2135,1047,390,2397,1.1,1784,1.9,West Melbourne - Residential
206051128,41,2600,1352,493,3335,0.9,2303,2.1,Albert Park
206051129,38,2300,1363,415,3210,0.9,2093,1.9,Elwood
206051130,43,2515,1372,522,3285,0.9,2347,2.1,Port Melbourne
206051134,34,2100,1210,384,2894,0.9,1988,1.9,St Kilda East
206051511,32,2279,1346,585,2967,0.9,2407,2.1,Port Melbourne Industrial
206051512,39,2217,1310,421,3091,0.9,2103,1.9,South Melbourne
206051513,35,1998,1220,381,2719,1,1788,1.7,St Kilda - Central
206051514,38,2000,1236,392,2787,1,1849,1.7,St Kilda - West
206061135,38,2479,1361,421,3376,0.9,2207,2,Armadale
206061136,34,2200,1343,421,3113,0.9,2098,1.8,Prahran - Windsor
206061138,47,3146,1428,490,3904,0.8,2538,2.1,Toorak
206061515,32,2000,1412,426,2935,1,2042,1.6,South Yarra - North
206061516,35,2200,1329,395,3086,0.9,2001,1.8,South Yarra - South
206071139,33,2167,1354,425,3024,1,2197,1.9,Abbotsford
206071140,34,2600,1197,541,3081,0.9,2355,2.3,Carlton North - Princes Hill
206071141,33,2167,1338,425,2817,1,2130,1.9,Collingwood
206071142,35,2500,1265,451,3072,1,2194,2,Fitzroy
206071143,36,2500,1241,481,3207,0.9,2300,2.2,Fitzroy North
206071145,37,2600,1340,500,3533,0.9,2529,2.3,Clifton Hill - Alphington
206071517,33,2500,1509,508,3516,0.9,2577,2.1,Richmond (South) - Cremorne
206071518,34,2047,1183,400,2664,1,2009,1.9,Richmond - North
207011146,41,3000,1002,455,3422,0.8,2743,2.8,Ashburton (Vic.)
207011147,43,3000,873,461,2556,0.8,2017,2.6,Balwyn
207011148,42,3102,852,554,2726,0.8,2350,2.9,Balwyn North
207011149,43,3000,1051,490,3294,0.8,2472,2.6,Camberwell
207011150,41,3000,1165,522,3571,0.8,2914,2.7,Glen Iris - East
207011152,36,2492,1228,411,3203,0.9,2228,2.2,Hawthorn East
207011154,41,3000,1042,466,3166,0.9,2485,2.7,Kew East
207011155,45,3150,1088,475,3538,0.8,2709,2.7,Surrey Hills (West) - Canterbury
207011519,35,2800,1215,401,3536,0.9,2300,2.2,Hawthorn - North
207011520,34,2100,1207,400,3116,0.9,2055,2,Hawthorn - South
207011521,42,3050,1104,501,3364,0.8,2577,2.6,Kew - South
207011522,41,3000,1133,456,3259,0.8,2459,2.5,Kew - West
207021156,45,2400,739,460,2206,0.7,1812,2.6,Bulleen
207021157,40,2167,721,450,1957,0.8,1595,2.4,Doncaster
207021159,46,2700,781,513,2419,0.8,2163,2.8,Templestowe
207021160,45,2500,753,475,2231,0.8,1919,2.7,Templestowe Lower
207021424,43,2400,704,497,2158,0.8,1934,2.8,Doncaster East - North
207021425,40,2383,698,460,1979,0.8,1656,2.6,Doncaster East - South
207031161,40,2300,900,420,2557,0.8,2050,2.6,Blackburn
207031162,42,2251,753,410,2371,0.8,1861,2.6,Blackburn South
207031163,34,2088,682,391,1914,0.9,1441,2.3,Box Hill
207031164,39,2491,788,438,2304,0.8,1920,2.6,Box Hill North
207031165,33,2457,637,401,2119,0.8,1564,2.4,Burwood (Vic.)
207031166,41,2147,676,439,1972,0.8,1610,2.6,Burwood East
207031167,42,2600,1071,462,3092,0.8,2388,2.5,Surrey Hills (East) - Mont Albert
208011168,48,3000,1043,612,3296,0.8,2622,2.7,Beaumaris
208011169,48,3467,1265,600,3808,0.8,2718,2.4,Brighton (Vic.)
208011170,44,3335,1064,602,3421,0.8,2720,2.7,Brighton East
208011171,40,2500,1025,450,2975,0.9,2291,2.5,Highett (West) - Cheltenham
208011172,43,3000,1033,471,3383,0.8,2415,2.5,Hampton
208011173,48,2800,1082,486,3310,0.8,2356,2.4,Sandringham - Black Rock
208021174,40,2500,970,491,2863,0.9,2240,2.6,Bentleigh - McKinnon
208021176,36,2025,1011,395,2537,0.9,1873,2.2,Carnegie
208021177,35,2500,1110,426,3012,0.9,2184,2.4,Caulfield - North
208021178,41,2798,1044,483,2988,0.8,2289,2.5,Caulfield - South
208021179,38,2447,1193,426,3216,0.9,2171,2.3,Elsternwick
208021180,38,2167,935,416,2540,0.9,2057,2.5,Hughesdale
208021181,38,2200,1023,390,2798,0.9,2089,2.4,Murrumbeena
208021182,36,2153,1013,391,2670,0.9,1978,2.3,Ormond - Glen Huntly
208021426,39,2500,919,508,2656,0.9,2250,2.8,Bentleigh East - North
208021427,40,2512,934,490,2627,0.8,2173,2.6,Bentleigh East - South
208031183,42,2115,846,510,2549,0.8,2348,3,Aspendale Gardens - Waterways
208031184,56,1998,900,504,2250,1,933,1.3,Braeside
208031185,44,2100,890,420,2370,0.8,1853,2.4,Carrum - Patterson Lakes
208031186,41,2065,962,381,2411,0.8,1718,2.2,Chelsea - Bonbeach
208031187,40,2001,805,412,2313,0.8,1867,2.6,Chelsea Heights
208031188,40,2167,925,421,2470,0.8,1853,2.3,Highett (East) - Cheltenham
208031189,40,2200,1022,440,2706,0.8,2223,2.6,Edithvale - Aspendale
208031190,42,2167,981,392,2604,0.8,1889,2.3,Mentone
208031191,40,2300,924,440,2513,0.9,2046,2.6,Moorabbin - Heatherton
208031192,22,0,0,486,0,1,0,3,Moorabbin Airport
208031193,42,2253,977,400,2807,0.8,2090,2.5,Mordialloc - Parkdale
208041194,40,2800,1264,410,3488,0.9,2364,2.3,Malvern - Glen Iris
208041195,38,2944,1057,421,3292,0.9,2386,2.5,Malvern East
209011196,39,2013,706,385,1966,0.8,1705,2.7,Bundoora - East
209011197,42,2167,907,400,2477,0.8,2078,2.6,Greensborough
209011198,40,2300,1030,401,2772,0.8,2102,2.4,Heidelberg - Rosanna
209011199,35,2059,782,353,2139,0.9,1618,2.3,Heidelberg West
209011200,41,2500,1080,440,3041,0.9,2280,2.4,Ivanhoe
209011201,45,3000,1167,451,3549,0.8,2914,2.7,Ivanhoe East - Eaglemont
209011202,42,2167,957,415,2549,0.8,2068,2.5,Montmorency - Briar Hill
209011203,40,2200,900,400,2487,0.8,2025,2.6,Viewbank - Yallambie
209011204,39,2037,871,390,2410,0.8,1961,2.6,Watsonia
209021205,34,2000,691,369,2091,0.9,1727,2.6,Kingsbury
209021428,36,2000,863,391,2287,0.9,1787,2.3,Preston - East
209021429,38,2144,902,400,2455,0.9,1970,2.5,Preston - West
209021523,36,1863,772,358,1978,0.9,1544,2.3,Reservoir - North East
209021524,43,2000,580,371,1701,0.8,1442,2.6,Reservoir - North West
209021525,38,1967,688,349,1910,0.9,1401,2.3,Reservoir - South East
209021526,37,2020,865,361,2211,0.9,1743,2.4,Reservoir - South West
209031209,43,2297,984,446,2843,0.8,2464,2.8,Eltham
209031210,41,2000,898,420,2402,0.8,2168,2.8,Hurstbridge
209031211,42,1811,782,306,2077,0.8,1809,2.7,Kinglake
209031212,48,2200,876,300,2483,0.8,2254,2.9,Panton Hill - St Andrews
209031213,43,2272,950,480,2802,0.8,2554,3,Plenty - Yarrambat
209031214,43,2500,1019,462,3053,0.8,2831,3,Research - North Warrandyte
209031215,39,2167,961,429,2734,0.8,2496,2.9,Wattle Glen - Diamond Creek
209041216,37,2000,733,381,2256,0.8,1833,2.7,Bundoora - North
209041217,40,1900,638,380,1689,0.8,1423,2.4,Bundoora - West
209041220,40,1764,731,365,2053,0.8,1798,2.8,Mill Park - North
209041221,39,1733,691,369,1888,0.8,1647,2.7,Mill Park - South
209041223,39,1700,502,350,1387,0.8,1225,2.6,Thomastown
209041224,33,1800,862,361,2127,0.8,2002,3,Wallan
209041225,37,2000,780,375,2131,0.8,1855,2.8,Whittlesea
209041431,37,1708,693,360,1832,0.9,1675,2.9,Epping - East
209041432,38,1500,635,350,1599,0.9,1443,2.7,Epping - South
209041433,32,1820,783,381,1954,0.9,1848,3.2,Epping (Vic.) - West
209041435,35,1950,866,400,2346,0.9,2242,3.2,South Morang - North
209041436,37,1787,781,380,2147,0.8,1899,2.8,South Morang - South
209041437,30,2000,843,391,2027,0.9,1979,3.3,Wollert
209041527,34,2000,898,400,2342,0.8,2173,3.1,Doreen - North
209041528,32,2000,967,386,2261,0.8,2120,2.9,Doreen - South
209041529,38,1663,521,350,1391,0.9,1224,2.6,Lalor - East
209041530,37,1876,558,366,1593,0.9,1450,2.9,Lalor - West
209041531,34,1900,855,378,2103,0.8,1897,2.9,Mernda - North
209041532,32,1950,902,390,2173,0.8,2109,3.2,Mernda - South
210011226,39,2085,883,401,2292,0.8,1761,2.3,Airport West
210011227,45,0,1125,0,0,0,0,0,Essendon Airport
210011228,45,2019,760,396,2232,0.8,1820,2.6,Keilor
210011230,40,2400,982,435,2758,0.8,2239,2.6,Niddrie - Essendon West
210011231,41,2500,994,450,2956,0.8,2440,2.8,Strathmore
210011533,45,2167,666,400,2039,0.8,1587,2.6,Avondale Heights
210011534,43,2167,759,408,2257,0.8,1913,2.6,Keilor East
210021232,40,2167,944,430,2656,0.8,2311,2.8,Gisborne
210021233,46,2492,991,361,2860,0.8,2457,2.7,Macedon
210021234,42,2000,882,400,2393,0.8,2156,2.8,Riddells Creek
210021235,41,1928,837,365,2237,0.8,2004,2.7,Romsey
210031236,38,2167,882,401,2380,0.9,1980,2.5,Coburg North
210031237,35,1880,594,380,1691,0.9,1436,2.8,Fawkner
210031439,40,2000,923,423,2577,0.8,2162,2.7,Gowanbrae
210031440,36,2000,684,376,1864,0.8,1538,2.5,Hadfield
210031535,34,1885,703,369,1830,0.9,1526,2.6,Glenroy - East
210031536,33,1980,850,369,2102,0.9,1869,2.6,Glenroy - West
210031537,36,2167,1011,401,2623,0.9,2204,2.5,Oak Park
210031538,36,2100,971,400,2470,0.9,2003,2.4,Pascoe Vale
210041240,39,1789,850,371,2315,0.8,2106,2.8,Sunbury
210041539,32,1800,994,396,2241,0.7,2009,2.6,Diggers Rest
210041540,38,1800,828,351,2169,0.7,1727,2.5,Sunbury - South
210041541,36,1733,883,376,2231,0.8,1987,2.7,Sunbury - West
210051242,33,1419,492,331,1280,1,1172,2.8,Broadmeadows
210051243,34,1500,437,330,1245,1,1104,3,Campbellfield - Coolaroo
210051245,41,1900,678,371,1936,0.8,1600,2.6,Gladstone Park - Westmeadows
210051246,35,2167,793,430,2315,0.8,2250,3.2,Greenvale - Bulla
210051247,34,1460,442,346,1342,1,1274,3.3,Meadow Heights
210051248,38,985,866,250,3499,0.7,1437,2.8,Melbourne Airport
210051250,40,1733,725,351,1794,0.8,1404,2.3,Tullamarine
210051441,34,1517,654,350,1664,0.9,1523,3,Craigieburn - Central
210051442,32,1842,742,371,2027,1,1958,3.4,Craigieburn - North
210051443,32,1900,676,375,1885,0.9,1835,3.3,Craigieburn - South
210051445,30,2000,874,400,1984,0.8,1982,3.3,Mickleham - Yuroke
210051542,30,1907,769,396,1845,1,1876,3.4,Craigieburn - North West
210051543,31,1900,689,381,1798,1,1752,3.3,Craigieburn - West
210051544,34,1647,517,375,1705,1,1642,3.4,Roxburgh Park (South) - Somerton
210051545,30,1750,446,395,1590,1,1619,3.8,Roxburgh Park - North
211011251,38,1827,786,376,1975,0.8,1610,2.4,Bayswater
211011254,39,2117,791,425,2178,0.8,1953,2.8,Knoxfield - Scoresby
211011255,41,2200,944,435,2886,0.8,2756,3.1,Lysterfield
211011256,41,2000,832,425,2305,0.8,2083,2.8,Rowville - Central
211011257,41,2156,852,450,2515,0.8,2285,3,Rowville - North
211011258,42,2062,843,471,2509,0.8,2363,3,Rowville - South
211011259,41,2167,762,427,2106,0.8,1883,2.8,Wantirna
211011260,44,2100,723,426,2151,0.8,1821,2.7,Wantirna South
211011446,39,1869,796,376,1997,0.8,1609,2.4,Boronia
211011447,41,1889,775,370,2071,0.8,1606,2.4,Ferntree Gully - North
211011448,39,1950,806,405,2229,0.8,1960,2.7,Ferntree Gully (South) - Upper Ferntree Gully
211011449,39,1950,840,366,2291,0.8,2049,2.7,The Basin
211021261,45,2582,826,451,2717,0.8,2284,2.9,Donvale - Park Orchards
211021262,46,2300,930,481,3051,0.8,2779,3,Warrandyte - Wonga Park
211031263,39,1849,838,361,2187,0.8,1800,2.6,Bayswater North
211031265,41,2167,913,431,2674,0.8,2377,2.9,Croydon Hills - Warranwood
211031266,38,2000,822,381,2157,0.9,1660,2.4,Ringwood
211031267,39,2100,879,385,2404,0.8,1945,2.6,Ringwood East
211031268,43,2200,880,436,2639,0.8,2330,2.8,Ringwood North
211031450,38,1885,827,371,2037,0.8,1566,2.3,Croydon - East
211031451,41,2078,805,399,2221,0.8,1695,2.5,Croydon - West
211031452,38,2000,844,410,2228,0.8,1888,2.6,Croydon South
211041269,42,2123,706,396,2120,0.8,1658,2.5,Forest Hill
211041270,39,2167,911,406,2487,0.8,2030,2.5,Mitcham (Vic.)
211041271,39,2167,839,391,2393,0.9,1938,2.6,Nunawading
211041272,40,2383,797,426,2354,0.8,2042,2.8,Vermont
211041273,46,2383,715,496,2179,0.7,1944,2.8,Vermont South
211051274,40,1950,907,400,2478,0.8,2253,2.8,Belgrave - Selby
211051275,38,2167,852,443,2316,0.8,2084,2.8,Chirnside Park
211051276,45,1733,737,350,1971,0.8,1594,2.5,Healesville - Yarra Glen
211051277,38,1970,796,396,2050,0.8,1654,2.5,Kilsyth
211051278,40,1950,803,369,2189,0.8,1784,2.6,Lilydale - Coldstream
211051279,43,2000,776,360,2179,0.8,1872,2.8,Monbulk - Silvan
211051280,41,2000,858,365,2388,0.8,2094,2.8,Montrose
211051281,37,2000,838,400,2245,0.8,1992,2.8,Mooroolbark
211051282,45,2028,873,400,2432,0.8,2102,2.6,Mount Dandenong - Olinda
211051283,38,2000,828,365,2263,0.8,2045,2.8,Mount Evelyn
211051284,41,1950,902,375,2477,0.8,2148,2.7,Upwey - Tecoma
211051285,39,1950,850,360,2230,0.8,2066,2.9,Wandin - Seville
211051286,43,1690,681,315,1792,0.8,1439,2.5,Yarra Valley
212011289,41,1980,870,370,2402,0.8,2176,2.9,Emerald - Cockatoo
212011546,33,2000,943,391,2322,0.8,2146,2.9,Beaconsfield - Officer
212011547,40,1950,767,311,2162,0.8,1897,2.8,Bunyip - Garfield
212011548,35,1940,814,320,2104,0.8,1823,2.7,Koo Wee Rup
212011549,32,1733,808,346,1879,0.8,1651,2.7,Pakenham - North East
212011550,32,1950,879,366,2054,0.8,1887,2.9,Pakenham - North West
212011551,35,1517,674,335,1509,0.8,1235,2.3,Pakenham - South East
212011552,33,1800,788,369,1959,0.8,1803,3,Pakenham - South West
212021293,43,2000,820,380,2311,0.7,1885,2.6,Berwick - North
212021295,34,1500,584,320,1391,0.9,1262,2.7,Doveton
212021297,36,1700,607,361,1633,0.9,1496,3,Hallam
212021299,43,2372,818,400,2640,0.8,2659,3.3,Narre Warren North
212021453,39,1836,695,369,1992,0.8,1823,2.9,Endeavour Hills - North
212021454,39,1918,676,383,1893,0.8,1733,2.9,Endeavour Hills - South
212021455,36,1733,766,370,2083,0.8,1920,3,Narre Warren - North East
212021456,35,1738,715,360,1809,0.8,1615,2.8,Narre Warren - South West
212021553,35,2100,883,430,2456,0.8,2361,3.3,Berwick - South East
212021554,34,2000,880,400,2268,0.9,2175,3.1,Berwick - South West
212031300,35,1627,707,342,1685,0.8,1477,2.7,Cranbourne
212031303,32,2167,953,408,2314,0.8,2228,3,Cranbourne South
212031304,32,1842,845,380,1984,0.9,1903,3.1,Cranbourne West
212031306,33,2080,864,416,2286,0.9,2330,3.5,Lynbrook - Lyndhurst
212031308,40,1901,793,370,2126,0.8,1895,2.8,Pearcedale - Tooradin
212031457,36,2000,767,430,2350,0.9,2352,3.4,Narre Warren South - East
212031458,33,1820,722,392,2043,0.9,2011,3.4,Narre Warren South - West
212031555,32,2300,934,421,2357,0.8,2288,3.3,Clyde North - North
212031556,29,2167,946,410,2191,0.8,2193,3.4,Clyde North - South
212031557,31,2000,792,400,1985,0.9,1931,3.3,Cranbourne East - North
212031558,30,2000,855,401,2036,0.9,1958,3.1,Cranbourne East - South
212031559,30,2029,856,401,2183,0.9,2184,3.5,Cranbourne North - East
212031560,34,1709,727,355,1819,0.9,1686,3,Cranbourne North - West
212031561,32,1600,681,355,1654,0.9,1623,3.2,Hampton Park - East
212031562,34,1550,655,350,1574,0.9,1462,3,Hampton Park - West
212041309,44,2010,655,400,1950,0.8,1659,2.7,Clarinda - Oakleigh South
212041310,34,1997,685,381,1743,0.9,1630,2.7,Clayton South
212041312,38,1733,604,341,1640,0.9,1436,2.8,Dandenong North
212041313,45,2058,798,450,2335,0.8,1981,2.7,Dingley Village
212041316,40,1759,597,351,1722,0.8,1453,2.7,Noble Park North
212041317,36,1745,558,356,1470,1,1401,2.9,Springvale
212041318,38,1600,559,355,1498,1,1505,3.2,Springvale South
212041459,35,1600,687,331,1610,1,1359,2.5,Noble Park - East
212041460,36,1700,586,346,1501,1,1399,2.9,Noble Park - West
212041563,35,1500,592,310,1399,1,1208,2.6,Dandenong - North
212041564,32,1647,588,341,1414,1.1,1288,3,Dandenong - South
212041565,40,1733,599,381,1610,0.9,1525,3,Keysborough - North
212041566,34,2478,890,520,2455,0.9,2493,3.4,Keysborough - South
212051319,36,2500,871,415,2449,0.8,2011,2.5,Ashwood - Chadstone
212051321,42,2600,701,500,2180,0.8,1949,2.9,Glen Waverley - East
212051322,39,2400,713,462,2136,0.8,1890,2.8,Glen Waverley - West
212051323,40,2600,797,485,2353,0.8,2049,2.8,Mount Waverley - North
212051324,40,2600,820,470,2408,0.8,2079,2.7,Mount Waverley - South
212051325,40,2167,746,430,2134,0.8,1913,2.8,Mulgrave
212051326,37,2167,841,415,2331,0.9,1956,2.6,Oakleigh - Huntingdale
212051327,48,2500,720,481,2124,0.7,1818,2.7,Wheelers Hill
212051567,26,1860,503,380,1630,0.9,1278,2.2,Clayton (North) - Notting Hill
212051568,30,2000,709,401,1856,0.9,1711,2.7,Clayton - Central
213011328,36,1700,704,320,1733,0.9,1366,2.3,Ardeer - Albion
213011329,36,1883,658,400,1998,0.9,2062,3.4,Cairnlea
213011331,39,1517,611,350,1667,0.9,1486,2.8,Delahey
213011332,42,1733,604,360,1762,0.8,1553,2.8,Keilor Downs
213011333,38,1500,482,323,1329,0.9,1246,2.9,Kings Park (Vic.)
213011334,36,1473,495,330,1310,0.9,1183,2.7,St Albans - North
213011335,38,1500,485,323,1327,0.9,1232,2.9,St Albans - South
213011336,35,1842,706,340,1806,0.9,1566,2.6,Sunshine
213011337,37,1733,546,341,1491,0.9,1399,2.9,Sunshine North
213011338,38,1700,565,346,1533,0.9,1416,2.8,Sunshine West
213011339,37,1650,721,366,2023,0.8,1820,2.8,Sydenham
213011340,45,1820,759,412,2357,0.8,2167,3,Taylors Lakes
213011569,35,1690,621,350,1586,0.9,1459,2.9,Deer Park
213011570,32,1976,851,400,2218,1,2271,3.6,Derrimut
213021341,42,2200,945,390,2475,0.8,1861,2.3,Altona
213021342,41,1700,730,341,1946,0.8,1573,2.5,Altona Meadows
213021343,37,2167,803,400,2186,0.8,1740,2.5,Altona North
213021344,38,2500,1240,460,3213,0.9,2555,2.6,Newport
213021345,37,1803,823,361,2201,0.9,2042,2.9,Seabrook
213021346,45,2600,1089,450,3235,0.9,2382,2.5,Williamstown
213031347,34,1952,727,350,1947,0.9,1686,2.6,Braybrook
213031348,34,1940,916,355,2296,1,1763,2.1,Footscray
213031349,36,2000,980,396,2403,0.9,2020,2.4,Maribyrnong
213031350,37,2500,1240,414,3149,0.9,2364,2.4,Seddon - Kingsville
213031351,35,2129,1003,351,2586,0.9,1988,2.4,West Footscray - Tottenham
213031352,37,2500,1247,462,3216,0.9,2483,2.5,Yarraville
213041353,37,1733,823,340,2156,0.8,1807,2.7,Bacchus Marsh
213041358,33,1625,725,340,1794,0.8,1621,3,Melton West
213041359,31,2017,946,400,2191,0.8,2123,3.2,Rockbank - Mount Cottrell
213041360,34,2000,813,400,2350,0.9,2315,3.4,Taylors Hill
213041461,37,2000,676,400,2054,0.9,1871,3.1,Burnside
213041462,33,2000,803,411,2220,1,2246,3.6,Burnside Heights
213041463,35,1950,813,401,2277,0.9,2133,3.1,Caroline Springs
213041571,33,1658,700,350,1803,0.8,1627,3.1,Brookfield
213041572,29,1904,940,371,2057,0.8,2056,3.3,Cobblebank - Strathtulloh
213041573,35,1938,1107,380,2687,0.8,2562,3.1,Eynesbury - Exford
213041574,31,2100,966,429,2337,0.8,2254,3.2,Fraser Rise - Plumpton
213041575,36,1920,816,380,2332,0.8,2212,3.2,Hillside
213041576,35,1517,704,321,1765,0.8,1556,2.8,Kurunjang - Toolern Vale
213041577,39,1300,538,300,1303,0.7,1061,2.4,Melton
213041578,32,1517,641,321,1511,0.8,1363,2.8,Melton South - Weir Views
213051361,37,1600,732,341,1908,0.8,1705,2.8,Hoppers Crossing - North
213051362,37,1551,653,340,1686,0.8,1470,2.8,Hoppers Crossing - South
213051363,32,2000,875,380,2241,0.8,2091,2.8,Laverton
213051368,37,2000,834,351,2177,0.8,1802,2.6,Werribee - South
213051464,33,2200,963,401,2445,0.8,2381,3.2,Point Cook - East
213051466,33,2167,1070,410,2576,0.9,2522,3.4,Point Cook - South
213051467,36,1500,637,315,1614,0.8,1374,2.6,Werribee - East
213051468,32,1842,889,360,2172,0.8,1995,2.8,Werribee - West
213051579,31,1930,970,361,2325,0.9,2309,3.3,Manor Lakes - Quandong
213051580,36,1950,851,390,2363,0.8,2185,3,Point Cook - North East
213051581,34,2000,953,400,2504,0.9,2439,3.2,Point Cook - North West
213051582,29,2000,903,385,2047,0.9,2086,3.4,Tarneit (West) - Mount Cottrell
213051583,30,1900,830,380,2127,0.9,2164,3.5,Tarneit - Central
213051584,29,2065,933,391,2121,0.9,2198,3.4,Tarneit - North
213051585,31,1811,772,369,1958,0.9,1885,3.4,Tarneit - South
213051586,30,2167,962,402,2239,0.8,2307,3.3,Truganina - North
213051587,31,2000,972,395,2322,0.9,2337,3.3,Truganina - South East
213051588,30,1893,804,377,1941,1,1947,3.5,Truganina - South West
213051589,29,1800,854,350,1962,0.8,1862,3,Wyndham Vale - North
213051590,33,1668,750,336,1912,0.8,1766,3,Wyndham Vale - South
214011370,36,1733,817,370,1993,0.8,1658,2.5,Carrum Downs
214011371,39,1733,765,335,1941,0.8,1383,2.2,Frankston
214011372,38,1597,665,341,1643,0.7,1313,2.3,Frankston North
214011373,44,2167,862,420,2474,0.8,2038,2.6,Frankston South
214011374,38,1900,868,365,2274,0.8,1950,2.7,Langwarrin
214011375,40,1850,809,351,2081,0.8,1500,2.3,Seaford (Vic.)
214011376,38,2000,920,450,2378,0.8,2224,2.9,Skye - Sandhurst
214021377,51,1950,710,405,1794,0.7,1398,2.2,Dromana
214021378,56,2244,1002,424,2593,0.7,2197,2.4,Flinders
214021379,42,1733,751,330,1839,0.8,1407,2.4,Hastings - Somers
214021381,45,2600,966,512,2956,0.8,2547,2.8,Mount Eliza
214021382,46,2167,846,496,2481,0.7,2097,2.7,Mount Martha
214021383,53,1888,751,376,1853,0.7,1430,2.2,Point Nepean
214021384,52,1733,621,350,1513,0.7,1155,2.1,Rosebud - McCrae
214021385,41,1800,797,380,2129,0.8,1781,2.6,Somerville
214021591,45,2000,710,400,2023,0.8,1502,2.5,Mornington - East
214021592,57,2100,780,410,1969,0.7,1389,2,Mornington - West
215011386,45,1083,681,250,1608,0.7,1216,2.2,Ararat
215011387,49,1083,718,151,1792,0.7,1384,2.4,Ararat Surrounds
215011388,40,1203,766,245,1820,0.7,1347,2.3,Horsham
215011389,46,1134,806,185,2007,0.8,1567,2.5,Horsham Surrounds
215011390,50,737,658,170,1591,0.7,1179,2.2,Nhill Region
215011391,52,867,597,182,1399,0.7,993,2.1,St Arnaud
215011392,48,1010,675,214,1554,0.7,1184,2.2,Stawell
215011393,52,758,698,150,1655,0.7,1176,2.1,West Wimmera
215011394,52,672,624,166,1485,0.7,1099,2.1,Yarriambiack
215021395,40,1473,786,250,2040,0.8,1716,2.7,Irymple
215021396,43,1140,667,220,1645,0.8,1338,2.5,Merbein
215021398,46,900,699,150,1678,0.7,1239,2.3,Mildura Surrounds
215021399,41,1083,680,240,1682,0.8,1346,2.5,Red Cliffs
215021469,39,1148,663,260,1484,0.8,1210,2.3,Mildura - North
215021470,39,1334,701,300,1784,0.8,1407,2.5,Mildura - South
215031400,52,734,618,158,1468,0.7,1089,2.2,Buloke
215031401,52,997,601,180,1420,0.7,1114,2.2,Gannawarra
215031402,51,1000,573,200,1412,0.7,1006,2.1,Kerang
215031403,36,1040,618,220,1468,0.9,1347,2.9,Robinvale
215031404,38,1300,754,235,1802,0.8,1390,2.3,Swan Hill
215031405,43,966,706,180,1682,0.8,1373,2.5,Swan Hill Surrounds
216011406,45,1483,713,285,1741,0.7,1347,2.3,Echuca
216011407,45,1235,654,210,1598,0.8,1228,2.4,Kyabram
216011408,45,1320,711,200,1708,0.8,1428,2.6,Lockington - Gunbower
216011409,50,1122,606,213,1532,0.7,1166,2.3,Rochester
216011410,52,1023,568,200,1388,0.7,1072,2.2,Rushworth
216021411,48,1278,606,250,1450,0.7,1057,2.2,Cobram
216021412,48,1213,666,210,1579,0.8,1361,2.5,Moira
216021413,46,1172,636,210,1577,0.7,1243,2.4,Numurkah
216021414,52,1430,625,290,1445,0.7,1149,2.3,Yarrawonga
216031415,43,1148,634,250,1455,0.8,1121,2.2,Mooroopna
216031416,38,1369,784,270,1955,0.8,1560,2.5,Shepparton - North
216031418,43,1300,770,236,1967,0.8,1628,2.7,Shepparton Surrounds - East
216031419,45,1300,701,240,1780,0.8,1379,2.4,Shepparton Surrounds - West
216031593,38,1625,845,380,2200,0.8,2001,2.9,Kialla
216031594,37,1166,600,270,1357,0.8,1144,2.5,Shepparton - South East
217011420,51,1073,652,180,1654,0.7,1234,2.2,Glenelg (Vic.)
217011421,45,1083,693,235,1652,0.7,1247,2.2,Hamilton (Vic.)
217011422,47,1105,631,250,1551,0.7,1200,2.2,Portland
217011423,49,931,711,170,1755,0.7,1289,2.3,Southern Grampians
217031471,50,1134,633,240,1533,0.7,1129,2.2,Camperdown
217031472,42,1300,701,260,1701,0.7,1250,2.3,Colac
217031473,45,1400,732,250,1863,0.8,1441,2.5,Colac Surrounds
217031474,49,1000,667,200,1632,0.7,1183,2.2,Corangamite - North
217031475,45,1200,734,231,1763,0.7,1406,2.5,Corangamite - South
217031476,52,1387,681,285,1522,0.7,1167,2.1,Otway
217041477,42,1300,769,200,1905,0.8,1513,2.5,Moyne - East
217041478,46,1517,758,280,1911,0.7,1522,2.4,Moyne - West
217041479,40,1451,760,300,1892,0.7,1451,2.4,Warrnambool - North
217041480,44,1387,761,287,1899,0.8,1380,2.2,Warrnambool - South
297979799,50,0,2200,0,0,0,0,0,Migratory - Offshore - Shipping (Vic.)
299999499,0,0,0,0,0,0,0,0,No usual address (Vic.)
301011001,38,1829,825,400,2068,0.8,1837,2.7,Alexandra Hills
301011002,41,2268,951,450,2784,0.8,2588,3.1,Belmont - Gumdale
301011003,43,2000,822,440,2277,0.7,1944,2.7,Birkdale
301011004,39,1785,803,383,2083,0.8,1738,2.6,Capalaba
301011005,41,1787,827,370,1963,0.8,1488,2.3,Thorneside
301011006,43,2013,876,450,2431,0.7,2173,2.8,Wellington Point
301021007,51,2000,746,400,1998,0.7,1430,2.3,Cleveland
301021008,47,2000,811,450,2333,0.7,1913,2.6,Ormiston
301021009,39,2076,847,470,2211,0.7,2074,2.8,Redland Bay
301021011,37,2167,1050,475,2687,0.8,2637,3.1,Sheldon - Mount Cotton
301021012,36,2167,920,470,2378,0.7,2218,2.9,Thornlands
301021013,49,1950,703,450,1933,0.7,1511,2.5,Victoria Point
301021550,52,1733,644,300,1534,0.8,1147,2.1,North Stradbroke Island
301021551,61,904,455,260,954,0.7,761,1.9,Southern Moreton Bay Islands
301031014,51,3200,1124,280,0,1.1,1374,1.4,Brisbane Port - Lytton
301031015,45,2167,928,410,2608,0.8,2051,2.5,Manly - Lota
301031016,40,2050,919,435,2411,0.8,2117,2.7,Manly West
301031017,35,2167,1112,450,2688,0.8,2404,2.6,Murarrie
301031018,38,1900,947,420,2321,0.8,1983,2.6,Tingalpa
301031019,36,2383,1220,510,3166,0.8,3006,3.1,Wakerley
301031020,43,2167,912,400,2424,0.8,1882,2.4,Wynnum
301031021,38,1950,858,413,2188,0.8,1856,2.6,Wynnum West - Hemmant
302011022,36,1750,875,390,2197,0.8,2018,2.8,Bald Hills
302011023,40,2500,1081,525,3050,0.7,2846,3,Bridgeman Downs
302011024,41,2000,855,440,2334,0.7,2012,2.6,Carseldine
302011025,35,1950,1042,420,2464,0.8,2024,2.4,Everton Park
302011026,38,2167,1056,460,2708,0.7,2461,2.8,McDowall
302021027,43,2000,851,415,2343,0.8,1838,2.5,Aspley
302021028,35,1690,844,370,1886,0.9,1419,1.9,Chermside
302021029,37,2058,919,455,2438,0.8,2187,2.7,Chermside West
302021030,38,2000,956,420,2551,0.8,2164,2.7,Geebung
302021031,35,2200,1134,375,2882,0.8,2142,2.4,Kedron - Gordon Park
302021032,35,2000,968,360,2418,0.8,1762,2.2,Stafford
302021033,39,2167,897,410,2477,0.8,2091,2.6,Stafford Heights
302021034,37,2450,1154,430,3103,0.8,2638,2.7,Wavell Heights
302031035,38,1800,834,415,2179,0.7,1887,2.6,Boondall
302031036,35,0,966,350,2750,0.9,350,1.8,Brisbane Airport
302031037,38,1955,1269,450,2593,1,2060,1.8,Eagle Farm - Pinkenba
302031038,35,2167,1041,380,2776,0.8,2216,2.5,Northgate - Virginia
302031039,37,2091,1013,450,2620,0.8,2307,2.7,Nudgee - Banyo
302031040,35,1733,1058,370,2429,0.9,1763,2,Nundah
302041041,37,1800,834,410,2149,0.8,1972,2.8,Bracken Ridge
302041042,42,1993,910,400,2424,0.8,1981,2.6,Brighton (Qld)
302041043,42,1846,831,350,2283,0.8,1605,2.3,Deagon
302041044,48,2167,815,288,2772,0.8,1908,2.4,Sandgate - Shorncliffe
302041045,37,1679,783,390,1957,0.8,1568,2.4,Taigum - Fitzgibbon
302041046,34,1677,788,350,1756,0.8,1426,2.3,Zillmere
303011047,35,2600,1298,460,3498,0.8,3010,2.8,Camp Hill
303011048,34,2362,1136,450,2852,0.8,2320,2.5,Cannon Hill
303011049,37,2000,1021,440,2472,0.8,2075,2.4,Carina
303011050,36,1950,977,400,2359,0.8,1993,2.3,Carina Heights
303011051,43,2400,910,533,2739,0.7,2382,2.8,Carindale
303021052,33,2000,960,360,2442,0.9,1831,2.2,Annerley
303021053,35,2058,1129,380,2839,0.8,2100,2.3,Coorparoo
303021054,32,2167,914,400,2616,0.9,2055,2.4,Fairfield - Dutton Park
303021055,33,1866,1072,376,2566,0.9,1941,2.1,Greenslopes
303021056,37,2300,1031,395,2964,0.8,2331,2.7,Holland Park
303021057,36,2167,1067,390,2812,0.8,2196,2.5,Holland Park West
303021058,29,2000,868,440,2387,1,1864,2.1,Woolloongabba
303021059,38,2167,1083,390,2896,0.8,2102,2.3,Yeronga
303031060,36,1831,777,420,2055,0.8,1942,2.9,Eight Mile Plains
303031061,34,1950,634,430,1679,0.8,1752,3,Macgregor (Qld)
303031062,39,2144,781,430,2248,0.8,2060,3,Mansfield (Qld)
303031063,35,2031,948,395,2463,0.8,2017,2.5,Mount Gravatt
303031064,34,2600,985,600,2615,0.8,2614,3.3,Rochedale - Burbank
303031065,33,1967,746,415,2057,0.9,1664,2.4,Upper Mount Gravatt
303031066,40,1959,784,440,2191,0.8,2017,2.9,Wishart
303041067,33,1733,722,376,1883,0.9,1606,2.6,Coopers Plains
303041068,36,2000,974,360,2452,0.8,1866,2.3,Moorooka
303041069,37,1950,660,400,1853,0.8,1664,2.8,Robertson
303041070,34,2000,903,385,2525,0.8,2087,2.6,Salisbury - Nathan
303041071,37,2453,1167,450,3313,0.8,2928,2.9,Tarragindi
303051072,36,1750,752,395,1866,0.8,1716,2.8,Algester
303051073,35,1804,769,420,1959,0.8,1926,3.1,Calamvale - Stretton
303051074,31,2100,988,450,2380,0.8,2385,3.2,Pallara - Willawong
303051075,36,1950,838,450,2242,0.8,2194,3.2,Parkinson - Drewvale
303051076,34,1517,659,335,1625,0.8,1350,2.5,Rocklea - Acacia Ridge
303061077,35,2100,726,400,2151,0.8,2079,3.2,Kuraby
303061078,34,1600,738,400,1810,0.8,1742,2.9,Runcorn
303061079,35,1961,630,400,1604,0.8,1593,3,Sunnybank
303061080,37,1853,670,410,1805,0.8,1725,3,Sunnybank Hills
304011081,41,2167,924,480,2630,0.7,2360,2.8,Jindalee - Mount Ommaney
304011082,39,1886,872,430,2345,0.8,2141,2.8,Middle Park - Jamboree Heights
304011083,36,1820,974,410,2309,0.7,2059,2.7,Riverhills
304011084,43,2167,968,460,2843,0.7,2517,2.8,Seventeen Mile Rocks - Sinnamon Park
304011085,43,2275,1008,550,2858,0.7,2706,3,Westlake
304021086,40,2076,935,450,2588,0.7,2385,3,Bellbowrie - Moggill
304021087,46,2700,1059,520,3601,0.7,3239,3,Brookfield - Kenmore Hills
304021088,42,2407,1084,555,3227,0.7,2957,2.9,Chapel Hill
304021089,40,3033,1205,590,4226,0.8,3791,3.2,Fig Tree Pocket
304021090,40,2200,1032,510,2912,0.7,2493,2.8,Kenmore
304021091,45,2700,1113,523,3573,0.7,3388,3.1,Pinjarra Hills - Pullenvale
304031092,40,2800,1231,490,3665,0.8,3172,2.9,Chelmer - Graceville
304031093,41,2200,985,385,2835,0.8,2168,2.6,Corinda
304031094,33,2039,922,440,2498,0.9,2070,2.5,Indooroopilly
304031095,38,2210,1059,395,2923,0.8,2073,2.4,Sherwood
304031096,25,2000,548,410,2389,0.9,1761,2.4,St Lucia
304031097,33,1900,979,385,2479,0.9,1911,2.2,Taringa
304041098,32,2000,1131,360,2623,0.8,1975,2.3,Enoggera
304041099,47,1270,574,450,1999,1.1,1624,2.6,Enoggera Reservoir
304041100,39,1950,795,400,2128,0.8,1633,2.4,Keperra
304041101,36,2167,1039,400,2842,0.8,2240,2.6,Mitchelton
304041102,0,0,0,0,0,0,0,0,Mount Coot-tha
304041103,42,2266,1036,490,2953,0.8,2572,2.9,The Gap
304041104,37,2167,1063,400,2764,0.8,2585,3,Upper Kedron - Ferny Grove
305011105,31,2000,915,460,2419,1,1857,1.8,Brisbane City
305011106,31,1733,1059,400,2260,1.1,1670,1.6,Fortitude Valley
305011107,37,2383,937,380,2651,0.9,1935,2.3,Highgate Hill
305011108,36,1950,1170,450,2675,0.9,2059,1.8,Kangaroo Point
305011109,39,2276,1220,405,3162,0.9,2069,1.9,New Farm
305011110,29,1950,888,470,2295,1.1,1831,1.9,South Brisbane
305011111,31,1733,932,400,2321,1.1,1869,2,Spring Hill
305011112,33,2100,1128,450,2710,1,2103,2.1,West End
305021113,37,2708,1300,450,3427,0.8,2730,2.6,Balmoral
305021114,40,2800,1402,500,3649,0.8,2868,2.4,Bulimba
305021115,33,2167,1043,400,2700,0.9,2054,2.2,East Brisbane
305021116,37,2800,1352,430,3945,0.8,3018,2.6,Hawthorne
305021117,34,2167,1194,430,2920,0.8,2323,2.4,Morningside - Seven Hills
305021118,35,2600,1319,450,3478,0.8,2918,2.6,Norman Park
305031119,32,2000,1161,410,2603,0.9,2052,2,Albion
305031120,35,2200,1196,395,3122,0.8,2347,2.4,Alderley
305031121,39,2400,1178,390,3254,0.8,2208,2.2,Ascot
305031122,37,2000,1099,350,2832,0.8,1931,2.2,Clayfield
305031123,37,2600,1322,460,3836,0.8,3243,2.9,Grange
305031124,42,2167,1198,420,2969,0.9,2061,2,Hamilton (Qld)
305031125,39,2900,1214,550,3631,0.7,3018,2.7,Hendra
305031126,29,2080,784,400,2321,1,1759,2.3,Kelvin Grove - Herston
305031127,33,2167,1038,383,3094,0.8,2251,2.5,Newmarket
305031128,33,2000,1405,450,2916,1,2160,1.7,Newstead - Bowen Hills
305031129,37,2708,1253,400,3969,0.8,3003,2.7,Wilston
305031130,32,2278,1138,400,2903,0.9,2192,2.3,Windsor
305031131,34,2200,1105,380,2839,0.9,2086,2.2,Wooloowin - Lutwyche
305041132,38,2600,1153,440,3643,0.8,2873,2.8,Ashgrove
305041133,32,2167,1071,390,3040,0.9,2180,2.3,Auchenflower
305041134,38,2903,1334,495,4186,0.8,3407,2.8,Bardon
305041135,33,2500,1248,450,3391,0.9,2426,2.3,Paddington - Milton
305041136,32,2700,1122,430,3375,0.8,2355,2.4,Red Hill (Qld)
305041137,30,2052,972,420,2628,0.9,1932,2.1,Toowong
306011138,39,1733,979,450,2374,0.8,2190,2.8,Brinsmead
306011139,47,1733,818,400,1984,0.7,1638,2.4,Clifton Beach - Kewarra Beach
306011140,41,1647,1026,350,2270,0.8,1841,2.4,Freshwater - Stratford
306011141,38,1800,969,420,2405,0.8,2193,2.9,Redlynch
306011142,38,1733,859,420,2113,0.8,1800,2.6,Trinity Beach - Smithfield
306011143,46,1408,791,310,1744,0.8,1327,2.1,Yorkeys Knob - Machans Beach
306021144,32,1517,821,385,1948,0.8,1831,3,Bentley Park
306021145,37,1300,838,330,1794,0.9,1375,2,Cairns City
306021146,43,1522,789,340,1967,0.8,1478,2.4,Earlville - Bayview Heights
306021147,33,1517,795,350,1878,0.8,1643,2.8,Edmonton
306021148,38,1625,841,330,2058,0.8,1790,2.7,Gordonvale - Trinity
306021149,40,1625,782,345,1970,0.8,1713,2.6,Kanimbla - Mooroobool
306021150,10,0,1499,0,2750,2,2750,6,Lamb Range
306021151,36,1100,629,270,1338,0.9,1054,2.2,Manoora
306021152,39,1300,648,259,1472,1,1069,2.1,Manunda
306021153,37,1542,857,390,2018,0.8,1826,2.7,Mount Sheridan
306021154,39,1300,677,280,1514,1,1154,2,Westcourt - Bungalow
306021155,37,1343,694,340,1588,0.8,1396,2.6,White Rock
306021156,43,1733,915,325,2217,0.8,1677,2.3,Whitfield - Edge Hill
306021157,38,1300,679,280,1417,0.9,1152,2.3,Woree
306031158,47,1367,670,240,1668,0.8,1320,2.4,Babinda
306031159,41,1192,621,250,1426,0.8,1105,2.4,Innisfail
306031160,47,1300,674,250,1552,0.8,1301,2.4,Johnstone
306031161,48,1300,644,265,1450,0.8,1190,2.3,Tully
306031162,60,5200,1125,0,2250,0.5,2250,1.5,Wooroonooran
306031163,25,1392,337,150,911,1.5,1254,4.5,Yarrabah
306041164,47,1408,648,260,1520,0.8,1201,2.3,Daintree
306041165,45,1665,824,350,1851,0.8,1441,2.2,Port Douglas
306051166,45,1460,668,280,1620,0.8,1208,2.3,Atherton
306051167,52,1083,483,230,1182,0.9,900,2.2,Herberton
306051168,47,1647,622,270,1644,0.9,1352,2.5,Kuranda
306051169,51,1430,661,260,1534,0.8,1296,2.4,Malanda - Yungaburra
306051170,41,1495,689,285,1607,0.8,1282,2.5,Mareeba
307011171,40,1169,780,200,1704,0.8,1358,2.4,Balonne
307011172,35,1314,794,250,1930,0.8,1549,2.6,Chinchilla
307011173,38,1517,859,295,1995,0.8,1629,2.5,Goondiwindi
307011174,45,867,592,200,1381,0.8,1118,2.4,Inglewood - Waggamba
307011175,38,1018,774,200,1628,0.7,1334,2.4,Miles - Wandoan
307011176,35,1300,957,250,2171,0.7,1706,2.4,Roma
307011177,42,1114,770,155,1872,0.8,1436,2.5,Roma Surrounds
307011178,47,790,494,180,1195,0.8,945,2.3,Tara
307021179,50,1300,547,250,1363,0.8,1109,2.4,Crows Nest - Rosalie
307021180,41,1300,712,260,1628,0.8,1357,2.6,Jondaryan
307021181,47,1000,620,220,1502,0.8,1200,2.4,Millmerran
307021182,42,1414,693,270,1724,0.8,1406,2.6,Pittsworth
307021183,37,1300,725,250,1756,0.8,1410,2.5,Wambo
307031184,46,1352,642,250,1629,0.8,1307,2.5,Clifton - Greenmount
307031185,51,1386,604,240,1489,0.8,1244,2.4,Southern Downs - East
307031186,50,1300,552,250,1335,0.8,1096,2.4,Southern Downs - West
307031187,50,1200,564,250,1353,0.7,970,2.1,Stanthorpe
307031188,49,1248,561,240,1347,0.8,1137,2.5,Stanthorpe Surrounds
307031189,44,1222,618,265,1423,0.7,1117,2.3,Warwick
308011190,32,1083,969,150,2319,0.8,2069,2.6,Central Highlands - East
308011191,40,1300,882,120,2205,0.8,1620,2.5,Central Highlands - West
308011192,32,1600,1033,300,2510,0.8,2190,2.7,Emerald
308031205,35,1116,676,260,1518,0.8,1172,2.3,Berserker
308031206,46,1550,644,250,1674,0.9,1437,2.6,Bouldercombe
308031207,49,1517,618,350,1456,0.7,1203,2.3,Emu Park
308031208,37,1475,884,300,2145,0.8,1737,2.5,Frenchville - Mount Archer
308031209,39,1950,983,350,2514,0.8,2432,3,Glenlee - Rockyview
308031210,33,1517,779,340,1857,0.8,1713,2.8,Gracemere
308031211,35,1300,734,260,1691,0.8,1374,2.5,Lakes Creek
308031212,53,840,463,200,1101,0.8,813,2.1,Mount Morgan
308031213,37,1625,837,300,2127,0.7,1778,2.6,Norman Gardens
308031214,36,1300,697,260,1655,0.8,1281,2.4,Park Avenue
308031215,35,1517,826,280,2060,0.8,1626,2.6,Parkhurst - Kawana
308031216,39,1300,774,265,1894,0.8,1408,2.3,Rockhampton - West
308031217,41,1073,613,250,1396,0.8,1061,2.1,Rockhampton City
308031218,46,1733,722,280,1912,0.8,1589,2.6,Rockhampton Surrounds - East
308031219,44,1755,740,300,1926,0.9,1679,2.7,Rockhampton Surrounds - North
308031220,43,1733,836,300,2160,0.8,1851,2.7,Rockhampton Surrounds - West
308031221,70,2600,725,0,1375,0.8,1375,2.1,Shoalwater Bay
308031222,38,1473,784,280,2263,0.8,1600,2.3,The Range - Allenstown
308031223,42,1733,786,350,2065,0.7,1641,2.5,Yeppoon
308041528,40,1300,835,200,2065,0.8,1675,2.5,Banana
308041529,36,1300,889,260,2242,0.8,1883,2.5,Biloela
308051530,52,1336,507,275,1277,0.9,1009,2.2,Agnes Water - Miriam Vale
308051531,39,1733,855,300,2295,0.7,1948,2.6,Boyne Island - Tannum Sands
308051532,63,0,478,200,949,1.3,900,1.8,Callemondah
308051533,33,1607,828,295,2185,0.7,1890,2.7,Clinton - New Auckland
308051534,40,1394,688,230,1711,0.7,1222,2,Gladstone
308051535,38,1885,801,290,2202,0.8,1986,2.8,Gladstone Hinterland
308051536,38,1517,808,273,2024,0.7,1682,2.6,Kin Kora - Sun Valley
308051537,0,0,0,0,0,0,0,0,South Trees
308051538,34,1517,870,300,2202,0.7,1940,2.7,Telina - Toolooa
308051539,40,1300,699,230,1737,0.7,1329,2.2,West Gladstone
309011224,43,2600,889,600,2376,0.7,2072,2.6,Broadbeach Waters
309011225,44,2000,883,480,2141,0.8,1620,2.1,Burleigh Heads
309011226,42,2021,803,500,2133,0.8,1737,2.6,Burleigh Waters
309011227,40,1733,950,440,2134,0.9,1638,1.9,Mermaid Beach - Broadbeach
309011228,40,2167,817,450,2118,0.8,1753,2.5,Mermaid Waters
309011229,37,2000,919,470,2270,0.9,1831,2.2,Miami
309021230,50,1805,785,405,1787,0.9,1331,1.9,Coolangatta
309021231,41,1950,857,455,2093,0.8,1696,2.3,Currumbin - Tugun
309021232,42,2100,743,468,2007,0.8,1636,2.6,Currumbin Waters
309021233,42,2100,738,525,2042,0.8,1744,2.7,Elanora
309021234,39,2093,873,445,2219,0.9,1721,2.3,Palm Beach
309031235,41,2000,715,470,1878,0.8,1682,2.7,Arundel
309031236,44,1699,717,430,1647,0.8,1314,2.1,Biggera Waters
309031237,51,1647,605,415,1461,0.7,1092,2.1,Coombabah
309031238,45,1517,654,380,1533,0.8,1188,2,Labrador
309031239,52,2167,842,465,2208,0.7,1751,2.3,Paradise Point - Hollywell
309031240,54,2000,727,435,1852,0.7,1382,2.2,Runaway Bay
309041241,45,1829,764,375,1977,0.8,1736,2.7,Guanaba - Springbrook
309041242,46,1950,729,420,1974,0.8,1745,2.7,Tamborine - Canungra
309051243,43,2500,779,500,2314,0.8,2317,3.1,Currumbin Valley - Tallebudgera
309051244,39,2100,790,500,2179,0.8,2052,3,Mudgeeraba - Bonogin
309051245,37,2167,876,455,2344,0.8,2239,3,Reedy Creek - Andrews
309061246,42,1900,770,450,1896,0.8,1560,2.4,Carrara
309061247,40,1820,731,420,1896,0.8,1671,2.7,Highland Park
309061248,39,1842,741,400,1921,0.8,1571,2.6,Nerang - Mount Nathan
309061249,35,2000,825,470,2119,0.8,2086,3.1,Pacific Pines - Gaven
309061250,43,2200,795,520,2291,0.8,2262,3.1,Worongary - Tallai
309071251,29,2000,834,450,1987,0.8,1930,3.1,Coomera
309071252,41,2098,790,495,2211,0.8,2014,2.8,Helensvale
309071253,50,2200,862,550,2208,0.7,1926,2.4,Hope Island
309071254,43,2093,824,400,2102,0.8,1917,2.7,Jacobs Well - Alberton
309071256,36,1950,844,445,2187,0.8,2040,3,Oxenford - Maudsland
309071552,32,1950,854,440,2133,0.8,1970,3,Ormeau (East) - Stapylton
309071553,36,2000,903,450,2287,0.8,2241,3.2,Ormeau (West) - Yatala
309071554,32,2052,835,440,1948,0.8,1886,2.9,Pimpama - North
309071555,27,1950,851,435,1855,0.8,1839,3.1,Pimpama - South
309071556,36,2167,903,500,2395,0.8,2363,3.2,Upper Coomera (South) - Wongawallan
309071557,33,1820,807,450,1973,0.8,1913,3.1,Upper Coomera - North
309071558,29,1950,899,440,2066,0.8,2013,3,Willow Vale - Pimpama (West)
309081259,50,2167,732,540,2035,0.7,1617,2.5,Clear Island Waters
309081260,38,1733,788,465,1891,0.8,1689,2.6,Merrimac
309081262,36,1842,788,490,1941,0.9,1645,2.5,Varsity Lakes
309081559,39,2006,756,540,2101,0.8,1851,2.7,Robina - East
309081560,40,1820,801,540,1841,0.8,1613,2.3,Robina - West
309091263,43,1950,740,450,2007,0.8,1581,2.5,Ashmore
309091264,37,1850,703,450,1881,0.8,1767,3,Molendinar
309091265,37,1894,736,538,2103,0.8,2064,3,Parkwood
309091540,35,1459,652,400,1471,1,1193,2,Southport - North
309091541,39,1733,680,435,1697,0.9,1362,2.2,Southport - South
309101267,44,2167,776,580,2148,0.8,1918,2.7,Benowa
309101268,41,2600,902,480,2284,0.8,1957,2.6,Bundall
309101269,57,2091,938,500,2269,0.9,1682,1.9,Main Beach
309101561,45,1625,772,415,1683,1,1276,1.9,Surfers Paradise - North
309101562,39,1600,777,400,1730,1,1360,2,Surfers Paradise - South
310011271,35,1577,732,360,1904,0.8,1649,2.7,Darra - Sumner
310011272,39,1517,604,350,1634,0.8,1300,2.6,Durack
310011274,31,1376,500,300,1275,0.9,1172,2.9,Inala - Richlands
310011275,35,2000,979,405,2515,0.8,2173,2.7,Oxley (Qld)
310011276,34,1300,485,290,1309,0.9,1204,2.8,Wacol
310011563,31,1733,810,365,1927,0.8,1844,3.1,Doolandella
310011564,36,1700,805,380,2101,0.8,1900,2.8,Forest Lake - Ellen Grove
310021277,47,1517,657,295,1659,0.8,1375,2.5,Boonah
310021278,55,1300,509,260,1276,0.7,1021,2.2,Esk
310021279,0,0,0,0,0,0,0,0,Lake Manchester - England Creek
310021280,41,1473,627,315,1622,0.8,1425,2.7,Lockyer Valley - East
310021281,41,1517,645,310,1625,0.8,1445,2.7,Lowood
310021282,38,1600,759,300,1844,0.8,1578,2.7,Rosewood
310031283,34,1500,719,310,1738,0.8,1408,2.5,Brassall
310031284,36,1300,703,300,1633,0.8,1388,2.5,Bundamba
310031285,35,1452,786,300,1941,0.8,1678,2.7,Churchill - Yamanto
310031286,41,1500,688,280,1896,0.8,1396,2.3,Ipswich - Central
310031287,39,1323,683,290,1625,0.8,1274,2.3,Ipswich - East
310031288,40,1900,916,340,2429,0.8,2246,2.9,Ipswich - North
310031289,38,2057,1019,400,2617,0.8,2482,3,Karalee - Barellan Point
310031290,42,1918,962,400,2588,0.7,2385,2.9,Karana Downs
310031291,32,1213,620,290,1373,0.8,1212,2.6,Leichhardt - One Mile
310031292,41,1300,660,285,1685,0.8,1310,2.3,North Ipswich - Tivoli
310031293,36,1408,764,315,1882,0.8,1563,2.7,Raceview
310031294,29,1785,1054,380,2281,0.7,2093,2.8,Ripley
310031295,37,1092,497,270,1282,0.8,1097,2.5,Riverview
310041297,38,1560,760,325,1971,0.8,1758,2.8,Camira - Gailes
310041298,36,0,1062,150,2250,0.6,2250,2,Carole Park
310041299,31,1571,777,340,1844,0.8,1640,2.9,Collingwood Park - Redbank
310041300,33,1300,637,310,1500,0.9,1350,2.8,Goodna
310041301,91,0,225,0,0,0,0,0,New Chum
310041302,27,1473,747,350,1624,0.9,1516,3.1,Redbank Plains
310041303,32,1733,919,385,2271,0.8,2176,3.1,Springfield
310041304,31,1892,1014,420,2323,0.8,2231,3.1,Springfield Lakes
310041565,32,2273,1179,415,2950,0.8,2825,3.2,Augustine Heights - Brookwater
310041566,31,1700,842,340,2002,0.8,1746,2.9,Bellbird Park
311011305,45,1517,605,310,1471,0.8,1199,2.5,Beaudesert
311021306,38,1387,642,300,1535,0.8,1155,2.3,Beenleigh
311021307,37,1300,586,320,1289,0.8,1083,2.4,Eagleby
311021308,31,1566,814,380,1911,0.8,1717,2.8,Edens Landing - Holmview
311021309,41,1600,735,340,1824,0.7,1496,2.5,Mount Warren Park
311021310,32,1863,920,415,2179,0.8,2077,2.9,Wolffdene - Bahrs Scrub
311031311,32,1616,740,360,1656,0.8,1463,2.7,Boronia Heights - Park Ridge
311031312,32,1517,700,350,1595,0.8,1460,2.9,Browns Plains
311031313,30,1750,793,380,1850,0.8,1695,2.9,Chambers Flat - Logan Reserve
311031314,29,1430,689,350,1553,0.9,1472,3.1,Crestmead
311031315,0,0,0,0,0,0,0,0,Greenbank Military Camp
311031316,35,1647,795,350,1977,0.8,1764,2.8,Hillcrest
311031317,28,1470,633,350,1473,0.9,1413,3.3,Marsden
311031318,43,1950,770,458,2227,0.8,2229,3.1,Munruben - Park Ridge South
311031319,35,1689,795,390,2002,0.8,1929,3.1,Regents Park - Heritage Park
311041322,40,2167,776,470,2225,0.8,2198,3.1,Logan Village
311041567,34,1950,859,410,2194,0.8,2203,3.4,Flagstone (East) - Riverbend
311041568,33,2167,1001,395,2497,0.8,2524,3.4,Flagstone (West) - New Beith
311041569,37,1950,795,430,2098,0.8,2073,3.1,Greenbank - North Maclean
311041570,37,2000,824,410,2206,0.8,2169,3.1,Jimboomba - Glenlogan
311041571,26,1703,818,375,1654,0.8,1603,3.1,Yarrabilba
311051323,38,1597,682,355,1579,0.8,1298,2.5,Bethania - Waterford
311051324,41,2100,892,425,2503,0.8,2315,2.9,Cornubia - Carbrook
311051325,35,1733,826,390,2047,0.8,1868,2.8,Loganholme - Tanah Merah
311051326,32,1517,608,350,1505,0.8,1377,2.8,Loganlea
311051327,39,1993,922,410,2381,0.8,2225,2.9,Shailer Park
311051328,35,1452,626,320,1479,0.8,1257,2.6,Waterford West
311061329,38,1863,882,400,2226,0.8,2036,2.8,Daisy Hill
311061330,32,1322,521,315,1305,0.9,1180,2.9,Kingston (Qld)
311061331,32,1300,476,280,1150,1,1017,2.9,Logan Central
311061332,37,1800,841,395,2153,0.8,1931,2.8,Rochedale South - Priestdale
311061333,35,1430,622,310,1474,0.8,1301,2.7,Slacks Creek
311061334,40,1733,788,380,2050,0.8,1724,2.6,Springwood
311061335,34,1950,803,400,2110,0.8,1992,3.1,Underwood
311061336,33,1200,510,280,1197,0.9,1043,2.7,Woodridge
312011337,42,1517,711,270,1774,0.8,1322,2.4,Bowen
312011338,36,910,1241,80,2613,0.8,2207,2.5,Broadsound - Nebo
312011339,36,1300,1031,220,2296,0.8,1873,2.5,Clermont
312011340,45,1300,714,215,1720,0.8,1359,2.4,Collinsville
312011341,31,1300,1553,111,3327,0.8,3079,2.8,Moranbah
312021342,36,1718,826,350,2070,0.8,1732,2.5,Andergrove - Beaconsfield
312021343,42,1625,918,320,2205,0.8,1717,2.3,East Mackay
312021344,33,1852,1023,400,2489,0.8,2301,2.9,Eimeo - Rural View
312021345,61,4800,1625,430,3250,0.7,2624,1.8,Eungella Hinterland
312021346,38,1387,835,270,1827,0.8,1239,1.9,Mackay
312021347,50,2167,1141,510,2571,0.8,2171,2.1,Mackay Harbour
312021348,40,1890,954,400,2570,0.7,2213,2.7,Mount Pleasant - Glenella
312021349,40,1452,785,300,1819,0.8,1372,2.2,North Mackay
312021350,36,1820,946,410,2373,0.8,2149,2.7,Ooralea - Bakers Creek
312021351,36,1820,870,350,2294,0.9,2036,2.8,Pioneer Valley
312021352,42,1733,767,300,2088,0.8,1781,2.6,Sarina
312021353,47,1755,744,250,2049,0.9,1661,2.6,Seaforth - Calen
312021354,36,1733,940,380,2316,0.8,2085,2.8,Shoal Point - Bucasia
312021355,40,1517,781,300,1904,0.8,1536,2.5,Slade Point
312021356,39,1500,791,290,2019,0.8,1477,2.3,South Mackay
312021357,38,1733,901,330,2322,0.8,2105,2.8,Walkerston - Eton
312021358,41,1587,842,320,2236,0.8,1694,2.3,West Mackay
312031359,36,1733,898,370,1990,0.8,1674,2.4,Airlie - Whitsundays
312031360,0,0,0,0,0,0,0,0,Cape Conway
312031361,45,1560,722,276,1792,0.8,1431,2.5,Proserpine
313011362,53,1647,570,360,1387,0.7,1160,2.3,Beachmere - Sandstone Point
313011363,63,1647,529,335,1229,0.7,961,2,Bribie Island
313021364,34,2100,916,430,2342,0.8,2346,3.1,Burpengary - East
313021366,33,1473,637,340,1421,0.8,1277,2.7,Caboolture - South
313021367,40,2000,789,370,2185,0.8,2183,3.1,Elimbah
313021368,32,1517,731,355,1645,0.8,1482,2.7,Morayfield - East
313021369,43,2000,767,350,2088,0.8,2049,3,Wamuran
313021572,35,1582,655,315,1524,0.8,1319,2.6,Caboolture - East
313021573,39,1560,619,300,1598,0.8,1300,2.6,Caboolture - West
313031370,44,1517,690,330,1539,0.8,1334,2.5,Kilcoy
313031371,39,1742,695,350,1816,0.8,1632,2.7,Woodford - D'Aguilar
313041372,36,1733,775,350,1952,0.8,1720,2.7,Burpengary
313041373,41,1517,612,330,1470,0.8,1219,2.5,Deception Bay
313041374,38,2000,792,345,2130,0.8,1951,2.9,Morayfield
313041375,33,1900,889,415,2283,0.8,2207,3.1,Narangba
313041376,41,2058,828,420,2201,0.8,2202,3,Upper Caboolture
313051377,46,1733,705,345,1855,0.8,1389,2.3,Clontarf
313051378,48,1733,697,325,1707,0.7,1225,2.1,Margate - Woody Point
313051379,52,1600,625,334,1527,0.7,1111,2,Redcliffe
313051380,43,1625,634,360,1612,0.7,1301,2.5,Rothwell - Kippa-Ring
313051574,45,1517,825,213,1625,0.8,1224,1.9,Moreton Island
313051575,49,2100,804,405,2165,0.7,1658,2.4,Scarborough - Newport
314011382,40,2037,954,440,2555,0.8,2267,2.8,Albany Creek
314011383,35,2000,1003,420,2528,0.8,2406,3,Cashmere
314011384,43,2167,896,400,2469,0.8,2378,3,Dayboro
314011385,38,2151,1047,460,2862,0.8,2771,3.1,Eatons Hill
314011386,38,2000,1023,455,2602,0.8,2334,2.8,The Hills District
314011387,45,2492,978,495,2976,0.8,2806,3,Samford Valley
314021389,32,1901,928,380,2124,0.8,1939,2.8,Murrumba Downs - Griffin
314021576,30,1800,877,360,1896,0.8,1689,2.6,Dakabin
314021577,35,1545,734,350,1695,0.8,1456,2.5,Kallangur
314021578,31,2000,959,400,2266,0.8,2145,3,Mango Hill
314021579,35,1950,885,420,2258,0.8,2092,2.9,North Lakes
314031391,37,1668,755,390,1913,0.8,1736,2.8,Bray Park
314031392,35,1602,792,340,1854,0.8,1494,2.5,Lawnton
314031393,38,1725,811,360,2086,0.8,1853,2.7,Petrie
314031394,36,1547,736,360,1768,0.8,1455,2.5,Strathpine - Brendale
315011395,29,0,331,125,785,1.2,1069,3.9,Aurukun
315011396,35,1286,520,130,1253,1.1,1063,2.7,Cape York
315011397,42,672,763,155,1512,1,1206,2.3,Croydon - Etheridge
315011398,30,0,345,118,902,1.3,1104,3.6,Kowanyama - Pormpuraaw
315011399,23,1300,604,120,1287,1.3,1331,3.5,Northern Peninsula
315011400,43,1329,611,230,1512,0.9,1171,2.4,Tablelands
315011401,30,1791,877,200,1951,1.2,2006,3.1,Torres
315011402,27,0,411,130,923,1,976,3.5,Torres Strait Islands
315011403,30,2063,1558,500,3283,1,2976,2.9,Weipa
315021404,30,1042,483,125,1159,1.2,1279,3,Carpentaria
315021405,31,1546,1158,275,2652,0.9,2236,2.6,Mount Isa
315021406,34,1200,1172,206,2314,0.9,1856,2.5,Mount Isa Surrounds
315021407,38,715,914,150,1929,0.8,1502,2.4,Northern Highlands
315031408,45,955,808,157,1827,0.8,1341,2.3,Barcaldine - Blackall
315031409,43,867,798,170,1766,0.7,1294,2.2,Charleville
315031410,41,884,947,140,2109,0.8,1442,2.2,Far Central West
315031411,42,758,680,130,1436,0.8,1110,2.3,Far South West
315031412,40,1083,938,200,2094,0.7,1561,2.3,Longreach
316011413,49,2028,761,460,2091,0.7,1583,2.4,Buderim - North
316011414,42,2000,834,450,2177,0.8,1922,2.7,Buderim - South
316011415,37,1950,857,500,2062,0.8,1911,2.8,Mountain Creek
316011416,33,1889,669,460,1822,0.8,1484,2.6,Sippy Downs
316021417,44,1950,725,450,1926,0.7,1591,2.6,Aroona - Currimundi
316021418,47,2167,833,450,2156,0.7,1719,2.4,Buddina - Minyama
316021419,56,1517,668,370,1462,0.8,1122,1.9,Caloundra - Kings Beach
316021421,55,2123,664,440,1619,0.7,1347,2.3,Golden Beach - Pelican Waters
316021422,48,2000,739,400,2015,0.8,1503,2.3,Moffat Beach - Battery Hill
316021423,46,2048,781,465,2043,0.8,1593,2.4,Parrearra - Warana
316021424,39,2000,824,480,2092,0.8,1779,2.5,Wurtulla - Birtinya
316021580,33,1891,854,480,1993,0.8,1872,2.8,Caloundra West - Baringa
316021581,42,1950,716,460,1866,0.8,1496,2.6,Meridan Plains - Little Mountain (North)
316031425,44,2000,794,450,2071,0.8,1703,2.4,Coolum Beach
316031426,49,1811,755,435,1798,0.8,1506,2.3,Marcoola - Mudjimba
316031427,46,1733,764,410,1784,0.8,1384,2.1,Maroochydore - Kuluin
316031428,45,1800,861,400,2066,0.8,1559,2.1,Mooloolaba - Alexandra Headland
316051434,54,2167,909,550,2228,0.7,1843,2.3,Noosa Heads
316051435,56,2000,748,480,1789,0.7,1390,2.1,Noosaville
316051437,46,2167,868,500,2177,0.8,1826,2.4,Sunshine Beach
316051438,51,1800,633,450,1555,0.7,1261,2.3,Tewantin
316051543,46,2100,873,455,2213,0.8,1755,2.4,Peregian Beach - Marcus Beach
316051544,38,2147,823,530,2041,0.8,1864,2.8,Peregian Springs
316061439,40,1733,689,390,1748,0.8,1534,2.7,Beerwah
316061440,56,1700,630,370,1498,0.7,1261,2.3,Caloundra Hinterland
316061441,42,1814,737,398,1860,0.8,1686,2.7,Glass House Mountains
316061442,36,1950,823,460,2093,0.8,2004,2.9,Landsborough
316061443,52,1733,651,350,1602,0.8,1337,2.4,Maroochy Hinterland
316061444,45,1950,734,410,1995,0.8,1795,2.7,Palmwoods
316071545,41,1900,762,460,1917,0.8,1699,2.7,Bli Bli
316071546,46,2167,707,400,2009,0.8,1595,2.7,Diddillibah - Rosemount
316071547,43,1950,757,400,1945,0.8,1796,2.8,Eumundi - Yandina
316071548,40,1670,678,360,1714,0.8,1383,2.5,Nambour
316081549,49,1800,674,415,1742,0.8,1496,2.6,Noosa Hinterland
317011445,34,1647,891,310,2173,0.8,1982,2.9,Cambooya - Wyreema
317011446,33,1450,725,315,1714,0.8,1376,2.4,Darling Heights
317011447,37,1300,649,295,1515,0.8,1194,2.3,Drayton - Harristown
317011448,33,1300,661,295,1492,0.8,1274,2.6,Gatton
317011449,35,1627,869,350,2139,0.8,2004,3,Gowrie (Qld)
317011450,42,1900,869,408,2284,0.7,2104,2.9,Highfields
317011451,41,1600,737,310,1922,0.8,1690,2.8,Lockyer Valley - West
317011452,43,1950,907,420,2413,0.7,2177,2.7,Middle Ridge
317011453,35,1254,688,289,1507,0.8,1200,2.2,Newtown (Qld)
317011454,34,1301,673,280,1495,0.8,1232,2.3,North Toowoomba - Harlaxton
317011455,44,1586,834,340,2164,0.7,1689,2.4,Rangeville
317011456,37,1400,743,295,1765,0.8,1345,2.2,Toowoomba - Central
317011457,40,1798,915,315,2459,0.7,1814,2.3,Toowoomba - East
317011458,34,1733,857,340,2093,0.7,1852,2.7,Toowoomba - West
317011459,42,1300,621,295,1406,0.7,1123,2.2,Wilsonton
318011460,44,1247,711,230,1766,0.8,1269,2.2,Ayr
318011461,47,1200,736,210,1847,0.8,1422,2.4,Burdekin
318011462,40,1127,642,220,1656,0.8,1282,2.3,Charters Towers
318011463,45,1517,720,200,1884,0.8,1391,2.6,Dalrymple
318011464,49,1083,606,210,1407,0.7,1028,2.1,Ingham
318011465,53,1300,674,200,1678,0.8,1245,2.2,Ingham Surrounds
318011466,26,2167,380,125,898,1.2,977,3.7,Palm Island
318021467,36,1387,740,270,1782,0.8,1378,2.4,Aitkenvale
318021468,31,1625,1017,375,2415,0.7,2215,2.8,Annandale (Qld)
318021469,45,1733,910,280,2504,0.8,1637,2.3,Belgian Gardens - Pallarenda
318021470,32,1800,1070,350,2443,0.8,2346,2.9,Bohle Plains
318021471,36,1342,695,290,1611,0.8,1380,2.5,Condon - Rasmussen
318021472,40,1300,703,293,1757,0.8,1400,2.5,Cranbrook
318021474,26,1633,781,360,2411,0.7,2025,2.6,Douglas
318021475,40,1354,820,250,1864,0.8,1290,1.9,Garbutt - West End
318021476,37,1300,754,275,1769,0.8,1392,2.4,Gulliver - Currajong - Vincent
318021477,40,1300,662,280,1535,0.8,1266,2.4,Heatley
318021478,35,1450,880,260,1957,0.8,1362,2.1,Hermit Park - Rosslea
318021479,39,1473,805,250,2046,0.8,1305,2.1,Hyde Park - Pimlico
318021480,34,1500,778,300,1809,0.8,1631,2.8,Kelso
318021481,39,1300,675,273,1581,0.8,1294,2.5,Kirwan - East
318021482,37,1517,890,350,2099,0.7,1894,2.7,Kirwan - West
318021483,58,1353,626,290,1372,0.7,1001,1.9,Magnetic Island
318021484,34,1647,947,350,2264,0.8,2033,2.7,Mount Louisa
318021485,43,1413,727,270,1970,0.8,1344,2.2,Mundingburra
318021486,45,1600,752,300,1880,0.8,1531,2.5,Northern Beaches
318021487,32,1700,1097,360,2479,0.8,2086,2.5,Oonoonba
318021488,39,1473,894,300,2103,0.8,1524,2.1,South Townsville - Railway Estate
318021489,45,1733,876,270,2188,0.9,1886,2.6,Townsville - South
318021490,40,1950,1115,320,2645,0.8,1783,1.9,Townsville City - North Ward
318021491,39,1300,739,283,1774,0.8,1421,2.4,Wulguru - Roseneath
318021582,30,1733,1061,370,2389,0.8,2253,2.9,Burdell - Mount Low
318021583,33,1517,849,310,1942,0.8,1735,2.8,Deeragun - Jensen
319011492,40,1300,657,290,1565,0.8,1273,2.5,Ashfield - Kepnock
319011493,51,1500,646,320,1566,0.7,1310,2.3,Bargara - Burnett Heads
319011494,39,1600,715,330,1846,0.8,1616,2.8,Branyan - Kensington
319011495,38,1118,606,250,1346,0.8,972,2.1,Bundaberg
319011496,41,1324,661,290,1642,0.8,1301,2.5,Bundaberg East - Kalkie
319011497,49,1138,569,280,1313,0.8,1028,2.3,Bundaberg North - Gooburrum
319011498,49,1300,571,300,1396,0.8,1216,2.5,Bundaberg Surrounds - North
319011499,53,1209,522,275,1263,0.8,1022,2.3,Bundaberg Surrounds - South
319011500,48,1300,583,295,1420,0.7,1113,2.3,Millbank - Avoca
319011501,44,1192,576,275,1390,0.7,1073,2.2,Svensson Heights - Norville
319011502,42,1186,581,275,1419,0.8,1117,2.4,Walkervale - Avenell Heights
319021503,48,1083,577,215,1353,0.8,1051,2.3,Gayndah - Mundubbera
319021504,52,1000,467,250,1203,0.9,954,2.3,Gin Gin
319021505,38,1213,666,262,1548,0.7,1257,2.4,Kingaroy
319021506,47,992,490,180,1190,0.8,950,2.4,Kingaroy Surrounds - North
319021507,46,1227,636,250,1654,0.8,1361,2.5,Kingaroy Surrounds - South
319021508,51,867,515,160,1256,0.7,981,2.2,Monto - Eidsvold
319021509,54,1000,464,230,1114,0.8,883,2.2,Nanango
319021510,41,0,450,75,1125,0.9,874,2.3,North Burnett
319031511,62,1300,461,280,968,0.7,790,2,Cooloola
319031512,42,1261,572,295,1356,0.7,1082,2.3,Gympie - North
319031513,44,1408,608,300,1465,0.7,1245,2.4,Gympie - South
319031514,48,1472,578,300,1457,0.8,1292,2.6,Gympie Surrounds
319031515,50,1300,507,200,1350,0.8,1088,2.3,Kilkivan
319041516,49,1560,607,330,1511,0.8,1402,2.6,Booral - River Heads
319041517,48,1733,664,375,1679,0.7,1563,2.7,Craignish - Dundowran Beach
319041518,52,1400,535,350,1239,0.7,1014,2.3,Pialba - Eli Waters
319041519,52,1300,534,340,1250,0.7,1077,2.3,Point Vernon
319041520,52,1300,537,305,1289,0.7,1002,2.2,Torquay - Scarness - Kawungan
319041521,51,1473,567,345,1333,0.7,1109,2.3,Urangan - Wondunna
319051522,55,1300,488,300,1152,0.7,976,2.3,Burrum - Fraser
319051523,48,1083,502,240,1230,0.8,1033,2.4,Granville
319051524,47,1083,517,255,1273,0.8,977,2.2,Maryborough (Qld)
319051525,55,1170,471,250,1176,0.8,959,2.2,Maryborough Surrounds - South
319051526,49,1310,581,300,1431,0.8,1255,2.5,Tinana
397979799,39,0,1196,0,2750,1,1749,1.5,Migratory - Offshore - Shipping (Qld)
399999499,0,0,0,0,0,0,0,0,No usual address (Qld)
401011001,31,1733,726,400,2056,1,1365,1.8,Adelaide
401011002,39,1914,964,390,2653,0.8,1867,1.9,North Adelaide
401021003,47,1733,792,300,2163,0.8,1905,2.7,Adelaide Hills
401021004,44,2000,993,410,2708,0.8,2297,2.7,Aldgate - Stirling
401021005,48,1900,804,345,2333,0.8,1926,2.6,Hahndorf - Echunga
401021006,44,1600,795,320,2065,0.8,1691,2.5,Lobethal - Woodside
401021007,37,1647,825,350,2090,0.7,1698,2.5,Mount Barker
401021008,43,1522,820,305,2098,0.8,1784,2.6,Mount Barker Surrounds
401021009,36,1500,859,350,2077,0.8,1776,2.6,Nairne
401021010,43,2102,903,400,2490,0.8,2181,2.7,Uraidla - Summertown
401031011,44,2245,957,360,2657,0.8,2086,2.5,Burnside - Wattle Park
401031012,43,2600,984,420,2769,0.8,2326,2.7,Beaumont - Glen Osmond
401031013,44,2167,977,339,2668,0.8,1929,2.3,Toorak Gardens
401041014,43,1733,829,360,2267,0.8,1941,2.7,Athelstone
401041015,40,1690,721,335,1892,0.8,1427,2.4,Paradise - Newton
401041016,40,1869,772,350,2134,0.8,1644,2.5,Rostrevor - Magill
401051017,40,2000,933,360,2388,0.8,1653,2,Norwood (SA)
401051018,41,1870,770,330,2095,0.8,1476,2.3,Payneham - Felixstow
401051019,41,2080,954,320,2627,0.8,1879,2.3,St Peters - Marden
401061020,38,1820,967,320,2490,0.9,1967,2.5,Nailsworth - Broadview
401061021,37,1950,962,350,2488,0.9,2019,2.5,Prospect
401061022,45,2167,1001,380,2762,0.8,2052,2.3,Walkerville
401071023,42,2031,999,340,2686,0.8,2001,2.3,Goodwood - Millswood
401071024,44,2167,968,370,2707,0.8,1998,2.3,Unley - Parkside
402011025,40,1517,800,310,2095,0.8,1770,2.7,Gawler - North
402011026,42,1400,697,285,1746,0.7,1336,2.4,Gawler - South
402011027,38,1700,791,300,2053,0.8,1908,2.9,Lewiston - Two Wells
402021028,34,1337,756,310,1812,0.8,1600,2.8,Craigmore - Blakeview
402021029,30,1158,599,270,1355,0.8,1161,2.7,Davoren Park
402021030,36,1083,460,225,1055,0.8,827,2.4,Elizabeth
402021031,36,1233,579,251,1430,0.8,1188,2.6,Elizabeth East
402021032,29,1484,827,310,1829,0.8,1653,2.8,Munno Para West - Angle Vale
402021033,47,1995,843,300,2376,0.8,2277,2.9,One Tree Hill
402021034,35,975,492,245,1161,0.8,939,2.4,Smithfield - Elizabeth North
402021035,38,1600,709,300,1753,0.8,1387,2.5,Virginia - Waterloo Corner
402031036,34,1600,674,300,1767,0.9,1428,2.6,Enfield - Blair Athol
402031038,35,1668,778,310,2011,0.8,1595,2.5,Windsor Gardens
402031175,35,1650,824,360,2098,0.8,1759,2.5,Northgate - Northfield
402031176,38,1517,690,320,1734,0.8,1469,2.6,Valley View - Gilles Plains
402041039,0,0,0,0,0,0,0,0,Dry Creek - North
402041040,40,1408,651,310,1646,0.8,1344,2.5,Ingle Farm
402041041,38,1322,697,310,1695,0.8,1444,2.6,Para Hills
402041042,22,0,274,0,0,0,0,0,Parafield
402041043,36,1382,585,300,1512,0.9,1384,2.9,Parafield Gardens
402041044,35,1300,675,300,1644,0.9,1458,2.8,Paralowie
402041046,37,1246,530,270,1315,0.9,1071,2.5,Salisbury
402041047,40,1300,655,295,1636,0.8,1339,2.6,Salisbury East
402041048,34,1275,616,280,1429,0.8,1255,2.7,Salisbury North
402041171,33,1625,896,360,2189,0.8,1913,2.6,Mawson Lakes - Globe Derby Park
402041172,38,1335,598,300,1508,0.8,1263,2.5,Pooraka - Cavan
402051049,44,1688,795,320,2192,0.7,1674,2.5,Golden Grove
402051050,40,1584,868,320,2289,0.7,1937,2.7,Greenwith
402051051,42,1733,836,375,2231,0.8,1920,2.7,Highbury - Dernancourt
402051052,41,1500,678,315,1684,0.8,1314,2.3,Hope Valley - Modbury
402051053,41,1500,787,330,2004,0.8,1657,2.6,Modbury Heights
402051054,40,1517,834,350,2108,0.8,1818,2.6,Redwood Park
402051055,43,1517,749,330,1936,0.7,1492,2.4,St Agnes - Ridgehaven
403011056,48,1952,836,350,2317,0.8,1673,2.3,Brighton (SA)
403011057,48,1950,925,330,2368,0.8,1562,2.1,Glenelg (SA)
403021058,36,1643,783,310,2006,0.8,1452,2.3,Edwardstown
403021059,43,1700,840,380,2123,0.7,1876,2.6,Hallett Cove
403021060,43,1820,844,375,2206,0.8,1821,2.6,Marino - Seaview Downs
403021061,37,1603,668,310,1754,0.8,1307,2.3,Mitchell Park
403021062,39,1733,787,320,2173,0.8,1554,2.3,Morphettville
403021063,38,1517,861,365,2149,0.8,1922,2.8,Sheidow Park - Trott Park
403021064,39,1730,746,345,1904,0.8,1421,2.2,Warradale
403031065,47,2100,978,369,2787,0.8,2273,2.6,Belair
403031066,40,1733,698,330,2151,0.8,1764,2.6,Bellevue Heights
403031067,43,1950,954,370,2555,0.8,2114,2.7,Blackwood
403031068,40,2000,910,320,2632,0.8,2006,2.6,Colonel Light Gardens
403031069,44,2167,986,346,2854,0.8,2203,2.6,Mitcham (SA)
403031070,41,1749,759,310,2053,0.8,1518,2.4,Panorama
403041071,43,1526,793,340,2086,0.8,1807,2.6,Aberfoyle Park
403041072,40,1400,674,320,1607,0.8,1317,2.5,Aldinga
403041073,40,1250,554,250,1333,0.7,995,2.2,Christie Downs
403041074,42,1394,656,320,1539,0.7,1220,2.2,Christies Beach
403041075,48,2000,831,290,2304,0.8,2020,2.7,Clarendon
403041076,41,1818,978,420,2481,0.8,2233,2.8,Coromandel Valley
403041077,42,1733,837,375,2280,0.8,2045,2.7,Flagstaff Hill
403041078,41,1400,668,300,1646,0.7,1355,2.5,Hackham - Onkaparinga Hills
403041079,38,1192,558,262,1365,0.7,1080,2.4,Hackham West - Huntfield Heights
403041080,42,1517,778,355,1957,0.7,1568,2.5,Happy Valley
403041081,67,0,774,0,1375,0.5,1375,2,Happy Valley Reservoir
403041082,48,2167,550,190,1875,1.1,725,1.6,Lonsdale
403041083,45,1733,776,350,2030,0.8,1638,2.5,McLaren Vale
403041084,42,1300,661,300,1556,0.7,1228,2.3,Morphett Vale - East
403041085,39,1274,612,295,1409,0.7,1163,2.3,Morphett Vale - West
403041086,40,1365,704,325,1724,0.7,1334,2.4,Reynella
403041088,48,1733,769,320,2025,0.8,1755,2.6,Willunga
403041089,42,1517,773,350,2019,0.8,1672,2.6,Woodcroft
403041177,37,1517,755,350,1777,0.7,1466,2.5,Seaford - Seaford Meadows
403041178,40,1517,738,320,1914,0.8,1521,2.6,Seaford Rise - Moana
404011090,36,1733,847,330,2162,0.8,1695,2.4,Beverley
404011091,39,1746,759,340,2017,0.8,1563,2.4,Flinders Park
404011092,44,2000,886,350,2367,0.8,1786,2.4,Henley Beach
404011093,37,1733,818,340,2150,0.8,1631,2.3,Hindmarsh - Brompton
404011094,38,1600,738,314,1902,0.8,1427,2.3,Royal Park - Hendon - Albert Park
404011095,43,1733,747,320,1958,0.8,1425,2.3,Seaton - Grange
404011096,51,1867,771,320,2062,0.7,1506,2.2,West Lakes
404011097,37,1600,726,310,1925,0.8,1491,2.5,Woodville - Cheltenham
404021098,0,0,0,0,0,0,0,0,Dry Creek - South
404021099,45,1625,858,320,2212,0.8,1584,2.2,Largs Bay - Semaphore
404021100,44,1564,720,300,1851,0.8,1414,2.3,North Haven
404021101,41,1495,671,275,1738,0.8,1247,2.2,Port Adelaide
404021102,36,1517,566,270,1570,0.9,1297,2.6,The Parks
404021103,64,0,450,0,900,1.1,749,1.3,Torrens Island
404031104,51,0,3250,0,0,0,0,0,Adelaide Airport
404031105,44,2000,812,315,2438,0.8,1753,2.5,Fulham
404031106,40,1800,827,300,2185,0.8,1635,2.4,Lockleys
404031107,36,1733,794,300,2041,0.9,1551,2.3,Plympton
404031108,37,1733,774,325,2092,0.8,1555,2.3,Richmond (SA)
404031109,45,2000,896,320,2360,0.8,1746,2.4,West Beach
405011110,46,1500,737,255,1865,0.8,1441,2.5,Barossa - Angaston
405011111,40,1328,729,260,1870,0.8,1544,2.6,Light
405011112,43,1517,814,300,2084,0.8,1827,2.7,Lyndoch
405011113,43,1150,682,265,1660,0.8,1369,2.5,Mallala
405011114,45,1348,701,295,1737,0.7,1326,2.3,Nuriootpa
405011115,48,1452,773,300,1958,0.7,1446,2.3,Tanunda
405021116,45,1300,751,250,1739,0.7,1368,2.2,Clare
405021117,51,1100,659,225,1576,0.7,1257,2.3,Gilbert Valley
405021118,51,867,497,190,1285,0.7,917,2.2,Goyder
405021119,48,965,599,220,1429,0.7,1092,2.3,Wakefield - Barunga West
405031120,49,802,640,192,1505,0.7,1145,2.2,Jamestown
405031121,55,758,534,165,1313,0.7,931,2.1,Peterborough - Mount Remarkable
405031122,43,951,570,185,1448,0.7,1044,2.2,Port Pirie
405031123,47,997,572,200,1519,0.7,1145,2.4,Port Pirie Surrounds
405041124,45,1127,599,250,1488,0.7,1155,2.3,Kadina
405041125,59,1200,536,250,1256,0.7,965,2.1,Moonta
405041126,56,1213,521,250,1166,0.7,916,2.1,Wallaroo
405041127,57,1000,555,200,1343,0.7,1003,2.1,Yorke Peninsula - North
405041128,58,986,526,200,1265,0.7,891,2,Yorke Peninsula - South
406011129,39,1251,788,220,1858,0.8,1406,2.4,Ceduna
406011130,49,1192,715,220,1655,0.8,1308,2.3,Eyre Peninsula
406011131,48,936,687,160,1456,0.7,1176,2.3,Kimba - Cleve - Franklin Harbour
406011132,44,867,734,150,1756,0.7,1235,2.3,Le Hunte - Elliston
406011133,41,1300,736,240,1750,0.7,1301,2.3,Port Lincoln
406011134,45,1083,637,104,1435,0.8,1148,2.4,West Coast (SA)
406011135,38,0,537,50,725,1.3,1312,2.3,Western
406011136,41,1083,641,180,1679,0.7,1188,2.2,Whyalla
406011137,0,0,0,0,0,0,0,0,Whyalla - North
406021138,28,0,324,85,739,1.4,1266,4,APY Lands
406021139,50,630,498,163,1380,0.8,764,1.8,Coober Pedy
406021140,54,964,643,175,1478,0.7,1047,2,Quorn - Lake Gilles
406021141,43,659,885,95,1588,0.8,1214,2,Outback
406021142,38,1138,697,200,1651,0.7,1277,2.3,Port Augusta
406021143,31,1517,1787,260,3467,0.8,3140,2.7,Roxby Downs
407011144,61,1196,551,280,1227,0.7,970,2,Goolwa - Port Elliot
407011145,50,1023,672,208,1501,0.8,1128,2.2,Kangaroo Island
407011146,47,1500,648,300,1571,0.7,1277,2.4,Strathalbyn
407011147,47,1517,698,268,1787,0.8,1479,2.5,Strathalbyn Surrounds
407011148,60,1300,545,290,1247,0.7,977,2.1,Victor Harbor
407011149,56,1300,572,270,1372,0.7,1082,2.2,Yankalilla
407021150,45,1300,789,200,1928,0.8,1582,2.5,Grant
407021151,53,1180,701,220,1580,0.7,1200,2.1,Kingston - Robe
407021152,49,910,558,175,1415,0.7,988,2.2,Millicent
407021154,40,1083,758,230,1732,0.8,1377,2.4,Naracoorte
407021155,44,900,874,150,1938,0.8,1632,2.5,Naracoorte Surrounds
407021156,47,896,737,181,1667,0.7,1314,2.3,Penola
407021157,41,867,817,200,1829,0.7,1470,2.4,Tatiara
407021158,49,1006,690,177,1708,0.7,1351,2.4,Wattle Range
407021173,41,1200,736,220,1782,0.7,1348,2.4,Mount Gambier - East
407021174,41,1109,690,220,1688,0.7,1210,2.2,Mount Gambier - West
407031159,48,1083,651,200,1560,0.7,1245,2.3,Barmera
407031160,42,1040,610,215,1367,0.7,1039,2.1,Berri
407031161,46,661,642,160,1496,0.7,1189,2.2,Karoonda - Lameroo
407031162,46,1083,678,221,1638,0.7,1208,2.3,Loxton
407031163,49,1083,691,188,1497,0.8,1300,2.4,Loxton Surrounds
407031164,55,1083,505,215,1223,0.7,901,2.1,Mannum
407031165,42,1100,596,240,1374,0.7,1077,2.3,Murray Bridge
407031166,47,1250,642,200,1522,0.8,1294,2.5,Murray Bridge Surrounds
407031167,44,975,602,200,1345,0.7,1017,2.2,Renmark
407031168,44,1178,749,200,1786,0.8,1459,2.5,Renmark Surrounds
407031169,48,879,604,190,1372,0.7,1085,2.2,The Coorong
407031170,50,953,593,200,1363,0.7,1027,2.2,Waikerie
497979799,48,0,1812,0,0,0,0,0,Migratory - Offshore - Shipping (SA)
499999499,0,0,0,0,0,0,0,0,No usual address (SA)
501011001,46,1816,705,300,1693,0.8,1370,2.4,Augusta
501011003,43,1993,880,420,2130,0.8,1823,2.6,Busselton Surrounds
501011004,40,1700,851,380,1986,0.8,1678,2.6,Margaret River
501011293,46,1733,717,360,1759,0.7,1381,2.4,Busselton - East
501011294,45,1733,701,350,1740,0.7,1351,2.4,Busselton - West
501021005,38,1733,798,350,2144,0.7,1910,2.7,Australind - Leschenault
501021007,45,1625,741,330,1885,0.7,1551,2.5,Capel
501021008,39,1300,619,280,1451,0.7,1122,2.2,College Grove - Carey Park
501021009,44,1300,591,250,1618,0.7,1234,2.3,Collie
501021010,46,1750,830,260,2254,0.7,1883,2.5,Dardanup
501021011,53,0,1062,669,2499,0.9,966,1.4,Davenport
501021012,39,1651,774,350,2063,0.7,1738,2.6,Eaton - Pelican Point
501021014,44,1690,724,280,1874,0.8,1498,2.5,Harvey
501021015,41,1506,723,300,1703,0.7,1358,2.3,East Bunbury - Glen Iris
501021016,48,1625,620,260,1701,0.7,1312,2.4,Waroona
501021251,34,1733,885,350,2286,0.8,2066,2.9,Dalyellup
501021252,46,2080,865,400,2494,0.7,2342,2.9,Gelorup - Stratham
501021253,46,1625,830,310,2085,0.7,1487,2.1,South Bunbury - Bunbury
501021254,39,1300,598,250,1420,0.7,1133,2.3,Withers - Usher
501031017,50,1327,639,260,1619,0.7,1230,2.3,Bridgetown - Boyup Brook
501031018,49,1562,658,290,1688,0.7,1332,2.4,Donnybrook - Balingup
501031019,43,1300,698,240,1685,0.7,1271,2.3,Manjimup
501031020,53,1300,626,240,1441,0.7,1112,2.2,Pemberton
502011021,45,1842,637,350,1712,0.7,1436,2.6,Dawesville - Bouvard
502011022,49,1733,647,320,1660,0.7,1294,2.3,Falcon - Wannanup
502011023,47,1387,540,295,1341,0.7,1004,2.3,Greenfields
502011024,49,1733,662,350,1784,0.7,1377,2.4,Halls Head - Erskine
502011025,49,1300,573,270,1279,0.7,901,1.9,Mandurah
502011026,49,1799,639,320,1687,0.7,1348,2.4,Mandurah - East
502011027,36,1837,772,350,2119,0.7,1861,2.8,Mandurah - North
502011028,51,1500,543,280,1385,0.7,1034,2.2,Mandurah - South
502011029,42,1733,610,300,1710,0.8,1337,2.6,Pinjarra
503011030,47,4000,1228,750,4592,0.7,3700,2.8,City Beach
503011031,44,2800,1115,460,3154,0.8,2068,2.2,Claremont (WA)
503011032,44,3925,1458,550,4593,0.8,3351,2.5,Cottesloe
503011033,42,3250,1215,600,4270,0.8,3570,3,Floreat
503011034,42,3033,1079,310,3806,0.8,2303,2.4,Mosman Park - Peppermint Grove
503011035,37,3521,920,450,3768,0.8,2610,2.6,Nedlands - Dalkeith - Crawley
503011036,42,3250,1178,450,4110,0.8,3167,2.7,Swanbourne - Mount Claremont
503021037,61,9999,2150,1000,4874,0.8,4799,2.2,Kings Park (WA)
503021038,37,2383,1280,425,3367,0.9,2632,2.4,Mount Hawthorn - Leederville
503021039,38,2200,1118,340,3117,0.8,2079,2.2,Mount Lawley - Inglewood
503021040,38,2492,1149,400,3171,0.8,2328,2.3,North Perth
503021042,41,2585,1203,405,3239,0.9,2143,2.1,Subiaco - Shenton Park
503021043,36,2167,1055,300,2802,0.9,2012,2.3,Wembley - West Leederville - Glendalough
503021295,35,1950,1175,410,2572,1,2009,1.9,East Perth
503021296,33,1900,1156,380,2610,1,1893,1.9,Perth (North) - Highgate
503021297,33,1840,1176,410,2535,1,1966,1.7,Perth (West) - Northbridge
504011044,40,1801,872,330,2278,0.7,1738,2.4,Bassendean - Eden Hill - Ashfield
504011045,39,2000,964,350,2585,0.8,2011,2.4,Bayswater - Embleton - Bedford
504011046,36,1733,1050,300,2386,0.8,1623,1.9,Maylands
504011047,39,1733,737,360,1902,0.7,1583,2.5,Morley
504011048,45,1907,715,350,2037,0.7,1632,2.6,Noranda
504021049,39,1920,807,367,2252,0.7,1959,2.6,Chidlow
504021050,45,2015,915,400,2638,0.7,2286,2.7,Glen Forrest - Darlington
504021051,41,1973,830,315,2337,0.7,1861,2.6,Helena Valley - Koongamia
504021052,62,1517,424,0,1374,0.7,1374,2.5,Malmalling - Reservoir
504021053,44,2000,820,380,2291,0.7,2013,2.7,Mundaring
504021054,42,1733,740,300,1902,0.7,1453,2.4,Swan View - Greenmount - Midvale
504031055,39,0,762,295,1999,1,1375,2.3,Avon Valley National Park
504031056,37,1703,715,350,1914,0.8,1725,2.9,Ballajura
504031057,34,1765,778,350,1974,0.8,1791,2.9,Beechboro
504031058,38,1950,869,350,2105,0.7,1912,2.8,Bullsbrook
504031060,47,2300,917,350,2551,0.8,2449,2.9,Gidgegannup
504031061,37,2000,1017,390,2440,0.7,2107,2.6,Hazelmere - Guildford
504031062,35,1820,827,325,2106,0.8,1812,2.7,Lockridge - Kiara
504031063,43,0,1350,775,7000,1.2,1749,1.4,Malaga
504031064,70,0,1249,0,2250,0.6,2250,2,Melaleuca - Lexia
504031065,41,1625,732,320,1917,0.7,1502,2.5,Middle Swan - Herne Hill
504031066,40,1600,749,300,1800,0.7,1300,2,Midland - Guildford
504031067,36,1723,827,330,2094,0.7,1802,2.7,Stratton - Jane Brook
504031068,36,2167,940,370,2405,0.8,2218,3,The Vines
504031069,84,0,450,0,0,1,450,1,Walyunga National Park
504031298,31,1950,1028,380,2296,0.8,2136,2.9,Aveley
504031299,31,1950,1005,370,2260,0.8,2151,3,Brabham - Henley Brook
504031300,33,1800,815,350,2064,0.8,1844,2.9,Ellenbrook
505011070,36,1800,899,370,2162,0.7,1833,2.5,Craigie - Beldon
505011071,39,1950,902,400,2437,0.7,2227,2.8,Currambine - Kinross
505011072,42,2208,951,460,2817,0.7,2394,2.8,Duncraig
505011073,40,1950,850,400,2292,0.7,1897,2.6,Greenwood - Warwick
505011074,39,1902,897,380,2264,0.7,1930,2.6,Heathridge - Connolly
505011075,44,2400,983,490,2877,0.7,2465,2.8,Hillarys
505011076,43,2763,1059,650,3367,0.8,3272,3.1,Iluka - Burns Beach
505011077,40,1820,830,360,2215,0.7,1784,2.4,Joondalup - Edgewater
505011078,44,2000,825,418,2401,0.7,2012,2.6,Kingsley
505011079,43,2300,916,450,2681,0.7,2292,2.7,Mullaloo - Kallaroo
505011080,44,2253,906,525,2759,0.7,2480,2.9,Ocean Reef
505011081,38,2000,918,390,2390,0.7,2065,2.6,Padbury
505011082,47,2600,981,480,3045,0.7,2463,2.7,Sorrento - Marmion
505011083,43,2167,901,480,2653,0.7,2339,2.8,Woodvale
505021084,39,1863,830,350,2101,0.7,1625,2.3,Balcatta - Hamersley
505021085,33,1482,629,305,1461,0.8,1293,2.6,Balga - Mirrabooka
505021087,39,0,900,0,0,0,0,0,Herdsman
505021088,36,2037,1126,400,2739,0.7,2050,2.3,Innaloo - Doubleview
505021089,42,2500,977,460,3006,0.8,2490,2.8,Karrinyup - Gwelup - Carine
505021090,34,1552,813,340,1754,0.8,1459,2.3,Nollamara - Westminster
505021091,29,1658,1211,400,2166,1.1,1666,1.5,Osborne Park Industrial
505021092,36,2154,1232,405,2790,0.8,2108,2.1,Scarborough
505021093,38,2000,889,310,2319,0.8,1857,2.4,Stirling - Osborne Park
505021094,45,2817,1064,400,3112,0.7,2304,2.5,Trigg - North Beach - Watermans Bay
505021095,36,1733,991,320,2220,0.8,1588,2,Tuart Hill - Joondanna
505021096,42,2669,990,420,3137,0.8,2370,2.7,Wembley Downs - Churchlands - Woodlands
505021097,40,2000,931,325,2460,0.8,1746,2.2,Yokine - Coolbinia - Menora
505021301,45,2100,740,320,2349,0.7,1881,2.7,Dianella - North
505021302,41,1900,817,340,2148,0.7,1528,2.2,Dianella - South
505031098,38,1600,628,300,1683,0.8,1494,2.8,Alexander Heights - Koondoola
505031099,34,1733,730,340,1848,0.8,1542,2.7,Butler - Merriwa - Ridgewood
505031100,32,1907,920,380,2264,0.8,2116,3,Carramar
505031101,34,1733,828,350,2011,0.7,1761,2.6,Clarkson
505031102,36,1400,582,293,1422,0.8,1239,2.6,Girrawheen
505031104,39,1647,661,350,1763,0.8,1533,2.8,Marangaroo
505031105,40,2167,922,400,2597,0.7,2343,2.9,Mindarie - Quinns Rocks - Jindalee
505031106,29,0,574,481,900,0.5,1749,2,Neerabup National Park
505031107,37,2000,880,410,2408,0.8,2128,2.9,Tapping - Ashby - Sinagra
505031255,30,1950,983,350,2216,0.8,2031,2.8,Alkimos - Eglinton
505031256,45,2470,787,300,2259,0.8,2120,2.9,Carabooda - Pinjar
505031257,39,1800,716,330,1862,0.7,1526,2.7,Two Rocks
505031258,35,1842,762,340,1987,0.7,1697,2.8,Yanchep
505031303,36,1993,918,400,2322,0.7,2096,2.8,Hocking - Pearsall
505031304,33,2167,955,450,2511,0.8,2439,3.3,Landsdale
505031305,37,2000,854,450,2440,0.8,2261,3,Madeley - Darch
505031306,38,1800,781,350,2065,0.7,1679,2.6,Wanneroo - Sinagra
506011110,33,1517,670,280,1600,0.7,1306,2.5,Armadale - Wungong - Brookdale
506011111,46,0,0,927,0,0.2,0,1,Ashendon - Lesley
506011112,38,1408,647,295,1592,0.8,1372,2.6,Camillo - Champion Lakes
506011114,40,1500,681,290,1700,0.7,1354,2.4,Kelmscott
506011115,45,2000,807,330,2209,0.7,1920,2.7,Mount Nasura - Mount Richon - Bedfordale
506011116,44,2056,870,350,2419,0.7,2185,2.7,Roleystone
506011117,31,1600,775,330,1885,0.8,1739,3,Seville Grove
506011307,33,2000,1068,420,2491,0.8,2412,3.2,Harrisdale
506011308,31,2028,1105,420,2522,0.8,2441,3.2,Piara Waters - Forrestdale
506021118,38,1754,879,350,2144,0.8,1666,2.3,Belmont - Ascot - Redcliffe
506021119,35,2000,1014,350,2560,0.8,1974,2.3,East Victoria Park - Carlisle
506021120,43,0,3250,0,0,0,0,0,Kewdale Commercial
506021121,38,0,0,0,0,0,0,0,Perth Airport
506021123,36,2000,1057,350,2464,0.8,1896,2.1,Victoria Park - Lathlain - Burswood
506021309,34,1700,812,340,1897,0.8,1520,2.4,Cloverdale
506021310,36,1733,797,350,1954,0.8,1597,2.5,Kewdale
506021311,34,1760,1015,350,2246,0.9,1723,2.1,Rivervale
506031124,33,1733,711,330,1963,0.8,1482,2.4,Bentley - Wilson - St James
506031125,41,2000,813,450,2425,0.8,2326,3.1,Canning Vale - West
506031126,60,0,349,208,0,1,225,1.5,Canning Vale Commercial
506031127,31,1647,787,350,1888,0.9,1695,2.7,Cannington - Queens Park
506031128,40,1625,738,340,1899,0.7,1546,2.5,Parkwood - Ferndale - Lynwood
506031129,42,2167,791,400,2443,0.8,2051,2.8,Riverton - Shelley - Rossmoyne
506031130,53,1000,724,265,7000,0.9,575,1.5,Welshpool
506031131,40,2100,755,400,2379,0.8,2178,3.1,Willetton
506041132,35,1591,710,320,1756,0.8,1494,2.7,Beckenham - Kenwick - Langford
506041133,36,1957,837,420,2356,0.8,2259,3.1,Canning Vale - East
506041134,38,1500,635,290,1550,0.8,1254,2.5,Gosnells
506041135,34,1950,842,380,2256,0.8,2115,3.1,Huntingdale - Southern River
506041136,36,1560,669,300,1689,0.8,1407,2.7,Maddington - Orange Grove - Martin
506041137,38,1625,682,330,1825,0.8,1571,2.7,Thornlie
506051138,36,1800,855,360,2141,0.7,1839,2.7,Forrestfield - Wattle Grove
506051139,38,1733,839,380,2112,0.7,1758,2.5,High Wycombe
506051140,47,2034,827,375,2302,0.7,1864,2.5,Kalamunda - Maida Vale - Gooseberry Hill
506051141,44,2100,806,350,2400,0.7,2070,2.8,Lesmurdie - Bickley - Carmel
506061142,31,1914,949,380,2217,0.8,2086,3,Byford
506061143,39,2167,867,375,2338,0.8,2218,3,Mundijong
506061144,45,2167,784,325,2232,0.8,1956,2.7,Serpentine - Jarrahdale
506071145,38,2048,1010,352,2556,0.7,1804,2.1,Como
506071146,40,2500,805,341,2720,0.7,2146,2.6,Manning - Waterford
506071147,40,2388,1131,375,3007,0.8,2113,2.2,South Perth - Kensington
507011148,34,2000,1035,420,2677,0.8,2456,3,Banjup
507011150,63,2817,1374,940,2750,1.3,2125,1.4,Bibra Industrial
507011151,0,0,0,0,0,0,0,0,Bibra Lake
507011152,42,2167,896,400,2510,0.7,2138,2.6,Coogee
507011153,39,1733,795,310,2123,0.7,1578,2.3,Coolbellup
507011154,39,1733,765,320,1864,0.7,1396,2.2,Hamilton Hill
507011155,53,2500,1875,0,4250,1.2,450,1.3,Henderson
507011158,46,2817,1238,460,3265,0.8,2566,2.3,North Coogee
507011159,37,1680,838,360,2089,0.7,1715,2.4,South Lake - Cockburn Central
507011160,41,1733,763,350,1937,0.7,1473,2.3,Spearwood
507011161,33,1993,1064,400,2502,0.8,2273,2.8,Success - Hammond Park
507011163,37,1733,879,350,2233,0.7,1915,2.6,Yangebup
507011259,34,2000,1001,385,2400,0.8,2178,2.8,Beeliar - Wattleup
507011260,45,2167,910,443,2493,0.7,2323,2.8,Jandakot
507021164,44,2600,1075,420,3178,0.8,2288,2.5,East Fremantle
507021165,43,2167,1059,385,2822,0.8,1952,2.1,Fremantle
507021166,42,2071,874,350,2387,0.8,1811,2.3,Fremantle - South
507021167,50,0,1062,381,0,1.1,1062,1.2,O'Connor (WA)
507031169,31,1800,942,350,2207,0.8,2068,3,Wellard (West) - Bertram
507031170,39,1300,594,275,1521,0.7,1213,2.4,Calista
507031172,52,833,880,350,1875,0.7,1749,2.8,Hope Valley - Postans
507031173,56,1334,450,300,900,0.8,1124,1.7,Kwinana Industrial
507031174,37,1333,632,270,1543,0.7,1293,2.5,Parmelia - Orelia
507031261,32,2000,1046,400,2417,0.8,2286,2.9,Casuarina - Wandi
507041175,43,2700,1110,475,3168,0.7,2435,2.6,Applecross - Ardross
507041176,41,2200,852,420,2630,0.8,2284,2.9,Bateman
507041177,41,2115,994,350,2677,0.7,1842,2.3,Bicton - Palmyra
507041178,42,2600,954,420,2793,0.7,2148,2.5,Booragoon
507041179,44,2167,756,420,2378,0.8,1880,2.7,Bull Creek
507041180,42,2167,907,440,2603,0.7,2330,2.8,Leeming
507041181,42,2420,995,420,3027,0.7,2292,2.6,Melville
507041182,42,2015,740,400,2191,0.7,1824,2.5,Murdoch - Kardinya
507041183,37,1967,829,283,2393,0.8,1660,2.3,Willagee
507041184,45,2317,762,545,2405,0.7,2324,3,Winthrop
507051186,42,1300,596,300,1480,0.7,1229,2.4,Cooloongup
507051187,36,1700,755,350,2112,0.7,1921,2.8,Port Kennedy
507051188,47,1517,692,300,1645,0.7,1147,2,Rockingham
507051189,77,0,274,0,450,1,450,2,Rockingham Lakes
507051190,46,1674,695,300,1846,0.7,1355,2.3,Safety Bay - Shoalwater
507051191,33,1950,938,365,2470,0.8,2267,3,Singleton - Golden Bay - Secret Harbour
507051192,39,1600,740,320,1936,0.7,1612,2.6,Waikiki
507051193,38,1517,685,320,1784,0.7,1502,2.6,Warnbro
507051312,31,1842,948,350,2192,0.8,1957,2.8,Baldivis - North
507051313,32,1915,938,370,2337,0.8,2161,3,Baldivis - South
507051314,30,1857,895,370,2192,0.8,2122,3,Karnup
509011225,49,1439,708,300,1743,0.7,1246,2.1,Albany
509011226,45,1800,738,250,1899,0.8,1552,2.5,Albany Surrounds
509011227,44,1550,714,340,1709,0.7,1390,2.5,Bayonet Head - Lower King
509011228,50,1517,630,300,1491,0.7,1134,2.3,Denmark
509011229,39,867,931,180,1980,0.8,1484,2.5,Gnowangerup
509011230,40,1076,714,200,1649,0.8,1347,2.5,Katanning
509011231,44,1000,829,179,1890,0.7,1385,2.4,Kojonup
509011232,48,1700,721,275,1825,0.8,1495,2.4,Little Grove - Elleker
509011233,39,1560,697,295,1725,0.8,1387,2.6,McKail - Willyung
509011234,48,1278,626,225,1491,0.8,1181,2.3,Plantagenet
509011235,0,0,0,0,0,0,0,0,Stirling Range National Park
509021236,44,2100,798,320,2258,0.8,2044,2.8,Chittering
509021237,47,1000,638,169,1758,0.7,1248,2.3,Cunderdin
509021238,47,867,738,163,1699,0.7,1202,2.2,Dowerin
509021239,50,1644,684,295,1654,0.7,1321,2.3,Gingin - Dandaragan
509021240,43,927,796,200,1855,0.7,1387,2.3,Merredin
509021241,43,1000,892,214,2051,0.7,1583,2.4,Moora
509021242,47,719,853,133,1671,0.7,1286,2.1,Mukinbudin
509021243,43,1393,660,250,1631,0.7,1316,2.4,Northam
509021244,54,1564,624,285,1579,0.7,1272,2.3,Toodyay
509021245,56,1300,592,250,1483,0.7,1102,2.2,York - Beverley
509031246,50,1083,693,200,1678,0.7,1258,2.3,Brookton
509031247,44,743,897,160,1947,0.7,1480,2.4,Kulin
509031248,45,1733,774,280,2074,0.7,1644,2.5,Murray
509031249,43,1170,726,240,1802,0.7,1294,2.2,Narrogin
509031250,48,1083,779,190,1814,0.7,1355,2.3,Wagin
510011262,34,2167,1164,330,2623,0.9,2222,2.7,Broome
510011263,32,1629,461,100,1036,1,1327,2.8,Derby - West Kimberley
510011264,29,1600,362,90,785,1.3,1096,3.3,Halls Creek
510011265,33,2000,1016,230,2082,1,1858,2.7,Kununurra
510011266,31,2167,471,100,1017,1.2,1140,3,Roebuck
510021267,36,2435,1801,70,752,1.3,1159,3.3,East Pilbara
510021268,31,1032,1624,110,3359,0.9,2995,2.7,Newman
510021269,34,1833,1841,210,3940,0.9,3402,2.5,Port Hedland
510021270,32,1387,1415,240,3024,0.9,2586,2.7,South Hedland
510031271,34,1613,1865,48,3310,0.9,2937,2.7,Ashburton (WA)
510031272,32,1972,1570,320,3497,0.9,3194,2.8,Karratha
510031273,34,2167,1425,150,3285,0.9,2983,2.9,Roebourne
511011274,42,1600,785,270,2017,0.7,1492,2.4,Esperance
511011275,41,1040,960,233,2004,0.7,1653,2.4,Esperance Surrounds
511021276,41,1300,782,215,1898,0.8,1416,2.3,Carnarvon
511021277,37,1950,905,263,2107,0.9,1727,2.4,Exmouth
511031278,35,1309,1014,300,2375,0.8,2001,2.5,Boulder
511031279,34,1700,1208,300,2924,0.8,2374,2.6,Kalgoorlie
511031280,33,1730,1369,330,3029,0.8,2514,2.6,Kalgoorlie - North
511031281,0,0,0,0,0,0,0,0,Kalgoorlie Airport
511031282,39,944,893,200,2199,0.7,1627,2.2,Kambalda - Coolgardie - Norseman
511031283,35,634,900,70,1205,1,1405,2.8,Leinster - Leonora
511031284,0,0,0,0,0,0,0,0,Trafalgar (WA)
511041285,46,1300,666,230,1638,0.7,1143,2.1,Geraldton
511041286,37,1517,721,225,1897,0.8,1553,2.7,Geraldton - East
511041287,36,1733,871,310,2199,0.7,1915,2.7,Geraldton - North
511041288,38,1661,947,300,2274,0.7,1982,2.6,Geraldton - South
511041289,53,1537,626,250,1598,0.7,1168,2.2,Irwin
511041290,38,650,1024,120,1351,0.8,1202,2.2,Meekatharra
511041291,47,800,768,175,1684,0.7,1310,2.2,Morawa
511041292,50,1400,664,225,1639,0.8,1276,2.3,Northampton - Mullewa - Greenough
597979799,40,1733,2123,0,1375,0.7,2250,1.7,Migratory - Offshore - Shipping (WA)
599999499,0,0,0,0,0,0,0,0,No usual address (WA)
601011001,31,1083,519,250,1135,0.9,971,2.6,Bridgewater - Gagebrook
601011002,35,1508,833,350,1887,0.8,1630,2.7,Brighton - Pontville
601011003,41,1517,883,400,2125,0.8,1875,2.6,Old Beach - Otago
601021004,44,1600,837,360,2027,0.8,1512,2.2,Bellerive - Rosny
601021005,43,1800,983,400,2445,0.8,2191,2.8,Cambridge
601021006,41,1625,886,380,2164,0.8,1742,2.4,Geilston Bay - Risdon
601021007,43,1733,890,420,2194,0.7,1787,2.5,Howrah - Tranmere
601021008,47,1620,832,400,2004,0.8,1588,2.3,Lindisfarne - Rose Bay
601021009,36,1300,636,310,1539,0.8,1258,2.3,Mornington - Warrane
601021010,35,1083,589,320,1318,0.8,1104,2.4,Risdon Vale
601021011,31,1387,728,325,1542,0.8,1321,2.5,Rokeby
601021012,45,1600,916,370,2195,0.8,1934,2.6,South Arm
601031013,40,1523,807,350,2037,0.8,1817,2.7,Austins Ferry - Granton
601031014,38,1300,695,310,1571,0.8,1296,2.4,Berriedale - Chigwell
601031015,38,1300,675,320,1591,0.8,1241,2.3,Claremont (Tas.)
601031016,35,1300,680,325,1517,0.9,1301,2.4,Derwent Park - Lutana
601031017,35,1300,618,320,1439,0.9,1151,2.3,Glenorchy
601031018,41,1448,734,350,1761,0.8,1434,2.4,Montrose - Rosetta
601031019,35,1387,733,330,1769,0.9,1418,2.4,Moonah
601031020,40,1200,601,290,1464,0.8,1178,2.4,New Norfolk
601031021,34,1430,726,340,1715,0.9,1494,2.6,West Moonah
601041022,36,1626,757,380,1908,0.8,1544,2.5,Kingston - Huntingfield
601041023,43,1685,882,400,2147,0.8,1778,2.5,Kingston Beach - Blackmans Bay
601041024,39,1625,813,370,2122,0.9,1853,2.8,Margate - Snug
601041025,0,0,0,0,0,0,0,0,Mount Wellington
601041026,47,1785,875,425,2402,0.8,1910,2.5,Taroona - Bonnet Hill
601051027,34,1800,845,415,2222,0.9,1741,2.1,Hobart
601051028,38,1664,942,370,2356,0.8,1916,2.5,Lenah Valley - Mount Stuart
601051029,37,1820,806,360,2316,0.8,1873,2.5,Mount Nelson - Dynnyrne
601051030,38,1772,800,340,2089,0.9,1621,2.3,New Town
601051031,39,2167,887,419,2417,0.8,1913,2.4,Sandy Bay
601051032,39,1625,902,380,2294,0.9,1827,2.4,South Hobart - Fern Tree
601051033,38,1950,995,400,2493,0.9,1994,2.3,West Hobart
601061034,43,1300,721,330,1694,0.8,1373,2.4,Dodges Ferry - Lewisham
601061035,42,1506,738,355,1764,0.8,1439,2.4,Sorell - Richmond
602011036,33,1092,626,285,1491,0.9,1128,2.2,Invermay
602011037,38,1300,719,306,1703,0.8,1298,2.3,Kings Meadows - Punchbowl
602011038,41,1571,894,320,2186,0.8,1581,2.1,Launceston
602011039,41,1517,773,350,1955,0.8,1636,2.6,Legana
602011040,32,1050,583,290,1355,0.9,1138,2.5,Mowbray
602011041,34,1170,575,250,1332,0.8,1112,2.5,Newnham - Mayfield
602011042,43,1408,783,310,2117,0.8,1452,2.3,Newstead
602011043,47,1372,699,320,1883,0.7,1463,2.3,Norwood (Tas.)
602011044,46,1500,738,300,1869,0.7,1377,2.3,Prospect Vale - Blackstone
602011045,36,867,496,225,1104,0.8,858,2.3,Ravenswood
602011046,40,1430,776,300,1947,0.8,1522,2.5,Riverside
602011047,36,1290,766,300,1879,0.9,1373,2.2,South Launceston
602011048,40,1300,747,290,1773,0.8,1294,2.3,Summerhill - Prospect
602011049,40,1387,845,300,2111,0.8,1614,2.4,Trevallyn
602011050,37,1161,671,250,1621,0.8,1308,2.4,Waverley - St Leonards
602011051,42,1304,792,300,2035,0.8,1469,2.3,West Launceston
602011052,42,1313,747,295,1842,0.7,1432,2.4,Youngtown - Relbia
602021053,55,1083,497,250,1222,0.8,944,2.1,Beauty Point - Beaconsfield
602021054,48,1192,576,245,1426,0.8,1093,2.3,Deloraine
602021055,50,1310,643,293,1656,0.8,1371,2.4,Grindelwald - Lanena
602021056,39,1408,786,265,1966,0.8,1581,2.6,Hadspen - Carrick
602021057,47,1243,617,250,1493,0.8,1211,2.4,Westbury
602031058,46,1365,730,260,1835,0.8,1580,2.6,Dilston - Lilydale
602031059,48,1083,520,220,1276,0.7,1002,2.2,George Town
602031060,47,1300,665,260,1528,0.8,1217,2.3,Longford
602031061,47,1023,611,200,1425,0.7,1046,2.2,Northern Midlands
602031062,45,1324,742,280,1793,0.8,1457,2.4,Perth - Evandale
602031064,56,1083,485,240,1130,0.8,835,2,St Helens - Scamander
602031099,57,867,678,139,1542,0.7,1057,2,Flinders and Cape Barren Islands
602031100,48,1083,582,220,1359,0.7,1040,2.2,Scottsdale - Bridport
603011065,50,894,567,200,1403,0.8,1017,2.1,Central Highlands
603011066,44,1239,641,258,1639,0.8,1333,2.6,Derwent Valley
603011067,44,1300,661,250,1601,0.8,1330,2.5,Southern Midlands
603011068,49,0,1499,0,0,0.3,1125,1,Wilderness - East
603021069,54,1450,647,300,1556,0.8,1296,2.2,Bruny Island - Kettering
603021070,49,1300,551,290,1331,0.8,1077,2.3,Cygnet
603021071,50,1083,543,280,1375,0.8,1059,2.2,Geeveston - Dover
603021072,42,1430,681,295,1724,0.9,1429,2.6,Huonville - Franklin
603031073,57,1083,509,250,1174,0.8,863,2,Forestier - Tasman
603031074,57,1105,595,250,1290,0.8,1005,2.1,Triabunna - Bicheno
604011075,38,989,593,238,1395,0.7,966,2.1,Acton - Upper Burnie
604011076,45,1300,689,225,1730,0.8,1443,2.5,Burnie - Ulverstone Surrounds
604011077,40,961,629,240,1423,0.7,1089,2.1,Burnie - Wivenhoe
604011078,41,1300,683,236,1762,0.8,1321,2.4,Parklands - Camdale
604011079,47,1300,673,260,1735,0.8,1346,2.3,Penguin - Sulphur Creek
604011080,39,1211,700,260,1629,0.7,1334,2.4,Romaine - Havenview
604011081,48,1192,602,240,1463,0.8,1100,2.2,Somerset
604011082,49,1123,608,250,1450,0.7,1039,2.2,Ulverstone
604011083,48,1213,541,240,1355,0.8,1059,2.3,West Ulverstone
604011084,49,1235,599,224,1497,0.7,1048,2.2,Wynyard
604021085,43,1192,619,250,1455,0.8,1093,2.2,Devonport
604021086,44,1083,535,236,1281,0.8,950,2.2,East Devonport
604021087,44,1300,634,250,1485,0.8,1192,2.3,Latrobe
604021088,41,1305,760,290,1803,0.8,1561,2.6,Miandetta - Don
604021089,52,1430,648,280,1559,0.7,1279,2.3,Port Sorell
604021090,43,1300,763,275,1784,0.8,1531,2.5,Quoiba - Spreyton
604021091,49,1253,604,230,1474,0.8,1209,2.4,Sheffield - Railton
604021092,47,1400,763,270,1918,0.8,1588,2.5,Turners Beach - Forth
604031093,45,1083,845,190,1719,0.7,1330,2.1,King Island
604031094,41,1147,690,200,1676,0.8,1356,2.5,North West
604031095,42,1083,652,222,1554,0.8,1189,2.3,Smithton
604031096,46,1170,621,250,1595,0.8,1329,2.5,Waratah
604031097,47,650,548,160,1406,0.7,958,2,West Coast (Tas.)
604031098,69,0,450,0,0,0,0,0,Wilderness - West
697979799,43,0,2249,0,0,0,0,0,Migratory - Offshore - Shipping (Tas.)
699999499,0,0,0,0,0,0,0,0,No usual address (Tas.)
701011001,35,0,1166,0,0,0,0,0,Darwin Airport
701011002,33,1781,1236,450,2403,1,2151,2,Darwin City
701011003,61,0,450,0,0,1,450,1,East Point
701011004,38,2000,1310,390,2738,0.8,2197,2.2,Fannie Bay - The Gardens
701011005,33,1800,1297,395,2695,0.9,2372,2.3,Larrakeyah
701011006,34,2167,966,260,2306,0.9,1988,2.6,Ludmilla - The Narrows
701011007,36,2232,1281,415,2697,0.9,2231,2.3,Parap
701011008,34,1980,1237,400,2682,0.9,2278,2.3,Stuart Park
701011009,35,2248,1453,490,3185,0.8,2826,2.5,Woolner - Bayview - Winnellie
701021010,35,1777,915,340,2186,0.9,2083,2.8,Alawa
701021011,37,2000,1034,400,2492,0.9,2269,2.9,Anula
701021012,33,2600,1015,370,2468,1.1,2250,2.9,Berrimah
701021013,33,1900,957,393,2527,0.9,2372,2.9,Brinkin - Nakara
701021014,0,0,0,0,0,0,0,0,Buffalo Creek
701021015,17,0,399,0,0,0,0,0,Charles Darwin
701021016,35,1600,913,300,2040,1,1549,2.2,Coconut Grove
701021017,45,0,1145,635,1824,1,1574,2,East Arm
701021018,36,2015,1042,400,2474,0.8,2371,3,Jingili
701021019,35,1950,838,293,2021,1,1783,2.9,Karama
701021020,37,2000,1101,400,2469,0.9,2223,2.7,Leanyer
701021021,30,2600,1356,280,2981,0.9,2965,3.3,Lyons (NT)
701021022,38,2000,938,350,2180,0.9,1774,2.6,Malak - Marrara
701021023,36,1733,957,340,2055,0.9,1817,2.4,Millner
701021024,37,1950,939,310,2197,0.9,2033,2.9,Moil
701021025,34,1972,1203,350,2430,1,2051,2.4,Nightcliff
701021026,35,1956,1229,350,2629,0.9,2208,2.4,Rapid Creek
701021027,40,2000,948,375,2371,0.9,2022,2.6,Tiwi
701021028,35,1820,864,340,2115,1,2083,3,Wagaman
701021029,39,2167,977,410,2637,0.9,2439,3,Wanguri
701021030,36,2000,1052,425,2446,0.9,2331,2.9,Wulagi
701031031,36,2383,1185,350,2709,1,2442,2.8,Howard Springs
701031032,39,2347,1145,400,2816,1,2569,3,Humpty Doo
701031033,65,0,450,130,725,1.5,1062,1.7,Koolpinyah
701031034,41,2383,1096,370,2623,0.9,2153,2.7,Virginia
701031035,40,2167,977,323,2378,1,1969,2.7,Weddell
701041036,32,1742,1104,380,2205,0.9,1955,2.5,Bakewell
701041037,33,1950,1011,350,2183,0.9,1984,2.7,Driver
701041038,32,2167,1304,500,2814,0.8,2572,2.9,Durack - Marlow Lagoon
701041039,34,1725,877,300,1960,0.9,1479,2.4,Gray
701041040,33,1632,851,295,1919,0.9,1515,2.7,Moulden
701041041,32,2000,1182,460,2664,0.8,2445,2.9,Palmerston - North
701041042,28,2300,1288,450,2735,0.9,2527,3,Palmerston - South
701041043,29,2167,1194,400,2615,0.9,2376,2.9,Rosebery - Bellamack
701041044,33,1800,1012,360,2276,0.9,1891,2.6,Woodroffe
702011045,35,0,1073,350,2371,0.9,2026,2.6,Charles
702011046,33,1733,1118,360,2398,0.9,2042,2.6,East Side
702011047,33,0,1078,400,2344,1,2147,2.8,Flynn (NT)
702011048,34,1800,1190,400,2595,0.9,2267,2.7,Larapinta
702011049,35,1733,1306,400,2793,1,2288,2.4,Mount Johns
702011050,31,758,807,123,1603,1.3,1248,2.2,Petermann - Simpson
702011051,42,0,948,280,2401,1,1953,2.5,Ross
702011052,30,0,356,60,798,1.5,1133,3.8,Sandover - Plenty
702011053,29,0,269,0,707,1.5,1277,4.2,Tanami
702011054,28,212,275,75,686,1.4,1091,3.9,Yuendumu - Anmatjere
702021055,26,109,416,70,846,1.3,1172,3.7,Barkly
702021056,33,1114,671,180,1433,1,1677,2.7,Tennant Creek
702031057,47,1430,690,100,1461,1,1279,2.2,Alligator
702031058,28,1181,308,80,831,1.4,1182,3.6,Daly
702031059,26,0,190,50,455,1.8,787,4.8,Thamarrurr
702031060,30,845,240,80,551,1.3,757,3.4,Tiwi Islands
702031061,27,303,260,80,705,1.9,1369,5,West Arnhem
702041062,30,1083,336,80,900,1.3,1598,3.7,Anindilyakwa
702041063,28,997,298,90,809,1.8,1552,5.1,East Arnhem
702041064,33,1741,1506,110,3184,1,2799,2.8,Nhulunbuy
702051065,29,1300,334,80,833,1.6,1389,3.8,Elsey
702051066,28,1117,276,75,728,1.7,1281,4.3,Gulf
702051067,33,1625,1069,295,2349,1,2111,2.7,Katherine
702051068,25,1409,311,75,637,1.5,1095,4.1,Victoria River
797979799,40,0,1478,0,0,0.7,4150,2.3,Migratory - Offshore - Shipping (NT)
799999499,0,0,0,0,0,0,0,0,No usual address (NT)
801011001,42,2500,1372,530,3533,0.8,3161,2.8,Aranda
801011002,30,1517,1009,430,2034,1.1,1776,1.9,Belconnen
801011003,29,1733,1027,430,2693,0.9,2266,2.3,Bruce
801011004,35,1755,948,380,2218,0.8,1818,2.5,Charnwood
801011005,42,2167,1288,440,3054,0.7,2269,2.3,Cook
801011006,36,2000,1176,465,2766,0.8,2503,2.9,Dunlop
801011007,37,2000,1149,466,2729,0.8,2428,2.7,Evatt
801011008,39,1950,1023,415,2453,0.8,2082,2.5,Florey
801011009,37,2167,1173,481,2997,0.8,2728,2.9,Flynn (ACT)
801011010,41,2167,1164,450,2872,0.8,2618,2.9,Fraser
801011011,38,2167,1143,460,2816,0.8,2447,2.7,Giralang
801011012,30,0,3250,0,7000,0.8,7000,4,Gooromon
801011013,42,2000,1169,375,2826,0.7,2251,2.5,Hawker
801011014,38,2000,1053,400,2614,0.8,2248,2.6,Higgins
801011015,36,1950,1041,396,2441,0.8,1983,2.4,Holt
801011016,39,2167,1050,460,2695,0.8,2336,2.7,Kaleen
801011017,38,2000,1089,400,2495,0.8,2125,2.6,Latham
801011018,28,2000,1190,548,2753,0.9,2492,2.6,Lawson
801011019,34,2000,1172,464,2625,0.8,2344,2.7,Macgregor (ACT)
801011020,37,2000,1078,400,2530,0.8,1947,2.3,Macquarie
801011021,43,2167,1160,438,3051,0.7,2687,2.7,McKellar
801011022,38,2100,1118,400,2767,0.8,2326,2.7,Melba
801011023,40,2000,932,438,2308,0.8,1773,2.3,Page
801011024,35,1950,1041,390,2425,0.8,2025,2.6,Scullin
801011025,38,2120,1125,375,2747,0.8,2358,2.7,Spence
801011026,41,2500,1332,490,3730,0.8,3349,2.9,Weetangera
801011111,19,0,900,375,4750,0.9,4750,4.3,Molonglo Corridor
801011142,0,0,0,0,0,0,0,0,Macnamara
801011143,30,2191,1236,515,2727,0.8,2629,2.9,Strathnairn
801011144,37,0,1325,150,4499,1,3750,3.7,West Belconnen
801031031,34,0,725,110,2250,1,1187,2,Hume
801031032,36,2600,900,340,3749,1,3749,4,Kowen
801031113,47,1546,746,263,1640,0.9,1003,1.8,Canberra East
801031114,39,1300,1215,420,2625,0.8,2218,2.3,Canberra Airport
801031115,27,3033,1161,365,3187,1,3156,3,Majura
801041034,35,2158,1207,460,3089,0.8,2769,2.9,Amaroo
801041035,30,2167,1183,520,2848,0.9,2811,3.4,Bonner
801041036,32,2167,1349,502,2967,0.9,2680,2.9,Casey
801041037,34,2400,1395,460,3235,0.9,2811,2.8,Crace
801041038,35,2481,1548,590,3730,0.8,3553,3.2,Forde
801041039,30,1885,1121,460,2524,1,2383,2.8,Franklin
801041040,31,1801,1049,450,2395,1,2208,2.6,Gungahlin
801041043,47,2950,1110,375,3208,0.8,2681,2.8,Hall
801041044,31,2000,1207,450,2878,1,2636,2.9,Harrison
801041045,44,0,575,0,0,0.6,874,1.5,Mitchell
801041046,34,1950,1124,450,2479,0.8,2219,2.6,Ngunnawal
801041047,44,2300,1251,502,3429,0.7,3134,2.9,Nicholls
801041048,36,1940,1134,450,2686,0.8,2316,2.6,Palmerston
801041116,0,0,0,0,0,0,0,0,Gungahlin - East
801041117,0,0,0,0,0,0,0,0,Gungahlin - West
801041118,30,1772,1161,450,2370,1,2160,2.9,Jacka
801041119,17,0,762,227,2499,1.2,1375,2.7,Kenny
801041120,30,2167,1222,470,2735,0.9,2699,3.2,Moncrieff
801041121,30,2500,1113,282,2527,1,2655,3.4,Taylor
801041122,31,2710,1342,375,3160,0.9,3181,3.3,Throsby
801051049,19,0,257,9,0,1,0,1,Acton
801051050,42,2600,1236,367,3578,0.8,2434,2.5,Ainslie
801051051,30,1803,1512,495,3029,1.1,2259,1.8,Braddon
801051053,27,1950,1076,550,2895,1.1,2232,1.7,Civic
801051054,30,1904,1303,500,2895,1,2277,2.2,Dickson
801051055,35,2167,1125,420,2882,0.9,2267,2.5,Downer
801051056,40,2500,1361,374,3555,0.8,2623,2.6,Hackett
801051057,35,1800,1200,425,2731,0.9,2084,2.1,Lyneham
801051058,35,2500,1261,451,3463,0.9,2518,2.5,O'Connor (ACT)
801051060,31,1901,1448,480,3199,1,2330,2,Turner
801051061,34,2067,1354,437,3066,0.8,2414,2.4,Watson
801051123,0,0,0,0,0,0,0,0,Black Mountain
801051124,38,2400,1592,550,3969,0.8,3048,2.3,Campbell
801051125,21,0,962,270,3250,0.8,3100,2.8,Duntroon
801051126,32,0,225,0,0,0,0,0,Parkes (ACT) - North
801051127,40,2300,1335,430,3301,0.9,2272,2,Reid
801051128,0,0,0,0,0,0,0,0,Russell
801061062,45,3180,1577,560,4211,0.7,3117,2.4,Deakin
801061063,47,2520,1816,570,4532,0.8,3363,2.2,Forrest
801061064,38,2118,1572,462,3649,0.9,2542,2.1,Griffith (ACT)
801061066,0,0,0,0,0,0,0,0,Lake Burley Griffin
801061067,40,2392,1250,440,3223,0.8,2353,2.4,Narrabundah
801061068,82,0,824,178,0,1,1375,2,Parkes (ACT) - South
801061069,42,3500,1469,500,4667,0.8,3938,2.8,Red Hill (ACT)
801061070,50,3425,1591,547,4506,0.7,3327,2.4,Yarralumla
801061129,39,2015,1775,525,3524,1,2462,1.7,Barton
801061130,37,3033,599,323,2249,1,1374,1.8,Fyshwick
801061131,35,1950,1777,510,3557,0.9,2469,1.8,Kingston (ACT)
801071071,35,2000,1168,424,2741,0.8,2419,2.8,Banks
801071072,38,1950,1135,445,2562,0.8,2223,2.6,Bonython
801071073,37,2000,1192,448,2842,0.8,2460,2.7,Calwell
801071074,37,2000,1088,410,2570,0.8,2292,2.7,Chisholm
801071075,37,2148,1179,390,2907,0.8,2574,2.8,Conder
801071076,43,2383,1415,620,3557,0.7,3302,2.9,Fadden
801071077,37,2048,1164,430,2725,0.8,2416,2.8,Gilmore
801071078,38,1950,1157,420,2742,0.8,2321,2.7,Gordon (ACT)
801071079,38,2167,1207,440,2908,0.7,2674,2.8,Gowrie (ACT)
801071080,36,1625,1197,450,2341,0.9,1857,1.9,Greenway
801071081,36,1880,1084,450,2502,0.8,2131,2.6,Isabella Plains
801071082,41,2000,1070,400,2630,0.7,2207,2.6,Kambah
801071083,39,2200,1334,520,3232,0.7,3037,2.9,Macarthur
801071084,43,2058,1095,450,2682,0.7,2164,2.5,Monash
801071085,0,0,0,0,0,0,0,0,Mount Taylor
801071086,39,2150,1132,400,2754,0.8,2393,2.7,Oxley (ACT)
801071087,36,2000,1012,391,2327,0.8,2043,2.6,Richardson
801071088,36,2002,1195,430,2880,0.8,2588,2.8,Theodore
801071089,58,1798,1208,320,2750,1.1,1958,2.3,Tuggeranong
801071090,39,2100,1127,400,2700,0.8,2295,2.6,Wanniassa
801071132,42,0,1042,546,2124,1.1,3750,5,Tuggeranong - West
801081091,47,2600,1378,450,3490,0.7,3111,2.7,Chapman
801081092,39,2476,1251,445,3099,0.7,2593,2.7,Duffy
801081093,40,2354,1206,415,3057,0.8,2275,2.5,Fisher
801081094,41,2167,1273,465,2915,0.7,2338,2.5,Holder
801081095,39,2140,1113,322,2765,0.7,2207,2.5,Rivett
801081096,46,2258,1020,460,2759,0.7,2206,2.6,Stirling
801081097,38,2175,1179,379,2920,0.8,2247,2.5,Waramanga
801081098,42,2200,1242,420,3082,0.8,2361,2.5,Weston
801081133,70,2000,1812,245,3750,0.8,2324,1.5,Scrivener
801091099,37,2383,1191,450,2940,0.8,2347,2.4,Chifley
801091100,41,2600,1341,450,3673,0.8,2886,2.6,Curtin
801091101,43,2600,1223,450,3226,0.8,2540,2.6,Farrer
801091102,41,2600,1349,550,3513,0.8,2985,2.7,Garran
801091103,43,2700,1298,400,3669,0.8,2797,2.6,Hughes
801091104,49,2300,1307,520,3148,0.7,2670,2.5,Isaacs
801091105,36,2383,1097,360,2629,0.9,2062,2.3,Lyons (ACT)
801091106,38,2167,1158,400,2653,0.9,2204,2.4,Mawson
801091107,51,3413,1497,975,4567,0.6,4476,2.9,O'Malley
801091108,43,2383,1222,430,3302,0.8,2362,2.5,Pearce
801091109,32,1608,1342,440,2473,1.1,2075,1.9,Phillip
801091110,39,2470,1286,478,3322,0.8,2612,2.7,Torrens
801101134,65,0,1624,0,0,1,1125,1,Arboretum
801101135,30,2000,1358,480,2913,0.9,2634,2.7,Coombs
801101136,31,2400,1655,498,3606,0.9,3219,2.8,Denman Prospect
801101137,0,0,0,0,0,0,0,0,Molonglo
801101139,32,1950,1446,461,3150,1,2559,2.5,Wright
801101145,57,0,0,0,0,0,0,0,Molonglo - East
801101146,27,2750,75,0,900,1.5,900,6,Whitlam
801111140,35,2292,1358,385,3109,0.9,3134,3.1,ACT - South West
801111141,27,4333,1270,400,2687,1.3,2812,3.3,Namadgi
897979799,0,0,0,0,0,0,0,0,Migratory - Offshore - Shipping (ACT)
899999499,0,0,0,0,0,0,0,0,No usual address (ACT)
901011001,38,1300,1233,150,2659,1,2109,2.5,Christmas Island
901021002,40,1972,741,231,1678,1.1,2519,3.8,Cocos (Keeling) Islands
901031003,38,1849,585,90,1687,0.8,1825,3,Jervis Bay
901041004,50,1300,736,240,1630,0.8,1184,2.1,Norfolk Island
997979799,0,0,0,0,0,0,0,0,Migratory - Offshore - Shipping (OT)
999999499,0,0,0,0,0,0,0,0,No usual address (OT)